tweet_id,user_id,created_at,screen_name,text,source,display_text_width,reply_to_status_id,reply_to_user_id,reply_to_screen_name,is_quote,is_retweet,favorite_count,retweet_count,quote_count,reply_count,hashtags,symbols,urls_url,urls_t.co,urls_expanded_url,media_type,retweet_source,retweet_favorite_count,retweet_retweet_count,retweet_user_id,retweet_location
347,3250721351,23/05/19 08:32,CodeClanScot,@CodeClanScot has arrived in the Highlands! https://t.co/IJT6zbhEBT via @YouTube,Twitter Web App,100,NA,NA,NA,FALSE,TRUE,0,1,NA,NA,NA,NA,youtu.be/r3970XRMgeg,https://t.co/IJT6zbhEBT,https://youtu.be/r3970XRMgeg,NA,Twitter for iPhone,5,1,1.11E+18,"Edinburgh, Scotland"
346,3250721351,22/05/19 14:04,CodeClanScot,"We talked to one of our grads, Alex, about what it was like coming to CodeClan and changing career ___ Read her story here: https://t.co/UuFLgOFmcB",Twitter Web App,148,NA,NA,NA,FALSE,FALSE,5,1,NA,NA,NA,NA,bit.ly/2Hw8T1e,https://t.co/UuFLgOFmcB,https://bit.ly/2Hw8T1e,NA,NA,NA,NA,NA,NA
345,3250721351,22/05/19 14:01,CodeClanScot,A week to go until our #Dundee Sourcing the Next Generation of Talent event - have you booked your place yet? Come along to hear from @eplacementscot @GA_Dundee @CodeClanScot and @OUScotland on how they can help you and your business access #talent https://t.co/5MZhUlj9uL,Twitter Web App,140,NA,NA,NA,FALSE,TRUE,0,5,NA,NA,Dundee,NA,NA,NA,NA,NA,Hootsuite Inc.,6,5,39978805,Scotland
344,3250721351,22/05/19 13:22,CodeClanScot,"New #tech means new business opportunities. Join @IngledewStephen, @C_Leaver, @MaMChannel, @GerryMcCusker, @DonaldMcL, @pollyp + more at #DigitalScotland19 for some exciting chats around #skills &amp; the future of Scotland's private sector. Register now __ https://t.co/kn01pDpMtN https://t.co/pOtqTfxRK4",Twitter Web App,140,NA,NA,NA,FALSE,TRUE,0,4,NA,NA,tech,NA,NA,NA,NA,NA,Twitter Web Client,6,4,3288077937,"Edinburgh, Scotland"
343,3250721351,22/05/19 10:10,CodeClanScot,Scotland needs Data Analysts! Learn how you can gain the skills to transform your career at our Data Analysis Information Evening this Thursday. book your free ticket here: https://t.co/0UDZFQaGeB https://t.co/yXXYb8SbYX,Twitter Web App,196,NA,NA,NA,FALSE,FALSE,3,1,NA,NA,NA,NA,bit.ly/2JUmdy0,https://t.co/0UDZFQaGeB,http://bit.ly/2JUmdy0,photo,NA,NA,NA,NA,NA
342,3250721351,21/05/19 13:16,CodeClanScot,RT @TechmumsHQ: Congrats to our Edinburgh #techmums on graduating and well done to the amazing @CodeClanScot facilitators for running such a brilliant #techmumsClub #digitalskillsmatter #empoweringwomen #WomenInTech https://t.co/xVVDiXwdu9,Twitter Web App,140,NA,NA,NA,FALSE,TRUE,0,3,NA,NA,techmums,NA,NA,NA,NA,NA,IFTTT,8,3,943917032,"Chicago, IL"
341,3250721351,21/05/19 12:41,CodeClanScot,@TechmumsHQ So proud of our #techmums ___,Twitter Web App,29,1.13E+18,1875634988,TechmumsHQ,FALSE,FALSE,2,1,NA,NA,techmums,NA,NA,NA,NA,NA,NA,NA,NA,NA,NA
340,3250721351,21/05/19 12:35,CodeClanScot,Congrats to our Edinburgh #techmums on graduating and well done to the amazing @CodeClanScot facilitators for running such a brilliant #techmumsClub #digitalskillsmatter #empoweringwomen #WomenInTech https://t.co/RATLdU4Fbr,Twitter Web App,139,NA,NA,NA,FALSE,TRUE,0,7,NA,NA,techmums,NA,NA,NA,NA,NA,Twitter for iPhone,17,7,1875634988,"London, England"
339,3250721351,21/05/19 12:35,CodeClanScot,Is finance holding you back from joining our Professional Software Development course? We?ve released a deferred payment plan specifically for anyone looking to join our next Glasgow cohort on the 15th July. Find more info and apply here https://t.co/JNJBWZyO9o,Twitter Web App,261,NA,NA,NA,FALSE,FALSE,2,1,NA,NA,NA,NA,codeclan.com/courses/edaid-?,https://t.co/JNJBWZyO9o,https://codeclan.com/courses/edaid-apply/,NA,NA,NA,NA,NA,NA
338,3250721351,21/05/19 11:21,CodeClanScot,Scotland needs data analysts! Find out how you can gain the skills to transform your career this Thursday at our Data Analysis Information Evening. Find out more about the event and book your free ticket here: https://t.co/PmruJ6rao4 https://t.co/GihP3WR9Yz,Twitter Web App,233,NA,NA,NA,FALSE,FALSE,4,2,NA,NA,NA,NA,bit.ly/2JUmdy0,https://t.co/PmruJ6rao4,https://bit.ly/2JUmdy0,photo,NA,NA,NA,NA,NA
337,3250721351,21/05/19 10:04,CodeClanScot,@_LaurenAllison_ Us too! __,Twitter Web App,10,1.13E+18,855466789,_LaurenAllison_,FALSE,FALSE,1,0,NA,NA,NA,NA,NA,NA,NA,NA,NA,NA,NA,NA,NA
336,3250721351,21/05/19 10:03,CodeClanScot,Very excited for the @CodeClanScot #techmums graduation today in Edinburgh https://t.co/h3pjcAxh3c,Twitter Web App,119,NA,NA,NA,FALSE,TRUE,0,2,NA,NA,techmums,NA,NA,NA,NA,photo,Twitter for Android,14,2,855466789,"Belfast, Northern Ireland"
335,3250721351,20/05/19 14:36,CodeClanScot,We loved stepping into something a little bit different this Monday and helping @lrcfs collect some #forensicshoeprints_ Read more about what they're doing here: https://t.co/T6b8MOWx5x https://t.co/HoU1Re1oRc,Twitter Web App,185,NA,NA,NA,FALSE,FALSE,2,1,NA,NA,forensicshoeprints,NA,bit.ly/2LSuB3D,https://t.co/T6b8MOWx5x,https://bit.ly/2LSuB3D,photo,NA,NA,NA,NA,NA
334,3250721351,20/05/19 13:14,CodeClanScot,How can you gain access to Scotland?s top tech talent? Register for our Sourcing the Next Generation of Talent event https://t.co/5MZhUlj9uL and find out from the experts #SISevents @eplacementscot @CodeClanScot @OpenUniversity @AbertayUni @dundeeuni https://t.co/GReyWbnIxN,Twitter Web App,140,NA,NA,NA,FALSE,TRUE,0,2,NA,NA,NA,NA,NA,NA,NA,NA,Hootsuite Inc.,5,2,39978805,Scotland
333,3250721351,20/05/19 12:40,CodeClanScot,@lrcfs Glad we could help out! __,Twitter Web App,26,1.13E+18,7.27E+17,lrcfs,FALSE,FALSE,1,0,NA,NA,NA,NA,NA,NA,NA,NA,NA,NA,NA,NA,NA
332,3250721351,20/05/19 12:39,CodeClanScot,Whoo! We are flying through the collection of #forensicshoeprints today at _@CodeClanScot_ thanks for all your help! _ https://t.co/GBi2oYXeax,Twitter Web App,140,NA,NA,NA,FALSE,TRUE,0,1,NA,NA,forensicshoeprints,NA,NA,NA,NA,NA,Twitter for iPhone,5,1,7.27E+17,"Dundee, Scotland"
331,3250721351,20/05/19 11:48,CodeClanScot,Our students are helping collect #forensicshoeprints for @lrcfs! We're helping them do some 'sole searching' as part of creating a new research database _ https://t.co/paCnxng08Z,Twitter Web App,154,NA,NA,NA,FALSE,FALSE,7,2,NA,NA,forensicshoeprints,NA,NA,NA,NA,photo,NA,NA,NA,NA,NA
330,3250721351,20/05/19 11:43,CodeClanScot,"Join @CodeClanScot online for a live interactive webinar on Tues 4 Jun or 9 Jul - the sessions are packed with information, plus Q&amp;A opportunities! Don?t miss out - sign up now: https://t.co/Qkzvdkt2QP https://t.co/eejJB3y21A",Twitter Web App,140,NA,NA,NA,FALSE,TRUE,0,3,NA,NA,NA,NA,NA,NA,NA,NA,Hootsuite Inc.,3,3,311971607,Scotland
329,3250721351,20/05/19 10:15,CodeClanScot,"They've arrived! @CodeClanScot now have a brand new base in #Inverness, check out what @KateForbesMSP had to say about it and the impact #digitalskills can have to #changeyourlife https://t.co/RfQUcgDDra",Twitter Web App,140,NA,NA,NA,FALSE,TRUE,0,4,NA,NA,Inverness,NA,NA,NA,NA,NA,Hootsuite Inc.,12,4,39978805,Scotland
328,3250721351,20/05/19 08:49,CodeClanScot,We could not be more excited to announce our launch event at CodeClan on 27/06. Earlybird tickets just ?5! https://t.co/9xDuRMNwyg #WomenSupportingWomen,Twitter Web App,140,NA,NA,NA,FALSE,TRUE,0,3,NA,NA,NA,NA,NA,NA,NA,NA,Twitter Web Client,6,3,1.10E+18,"Scotland, United Kingdom"
327,3250721351,20/05/19 08:49,CodeClanScot,On our way to @CodeClanScot today to collect some #forensicshoeprints _ They are going to be supporting us and collecting prints in their co-working spaces and training courses! Everyone is welcome to participate at home too https://t.co/oXvcOPkF13 https://t.co/QkTjYAKYuQ,Twitter Web App,140,NA,NA,NA,FALSE,TRUE,0,3,NA,NA,forensicshoeprints,NA,NA,NA,NA,NA,Twitter for iPhone,4,3,7.27E+17,"Dundee, Scotland"
326,3250721351,20/05/19 08:40,CodeClanScot,___ - great news for the #Edinburgh Jobs Market https://t.co/yiAozBhNAQ,Tweetbot for Mac,89,NA,NA,NA,FALSE,TRUE,0,4,NA,NA,Edinburgh,NA,twitter.com/BBCScotlandNew?,https://t.co/yiAozBhNAQ,https://twitter.com/BBCScotlandNews/status/1130352916731187200,NA,TweetDeck,5,4,2196339049,Edinburgh
325,3250721351,20/05/19 08:27,CodeClanScot,"Welcome to the Highlands, @CodeClanScot! _ https://t.co/S8YfctISZk",Twitter Web App,83,NA,NA,NA,FALSE,TRUE,0,5,NA,NA,NA,NA,NA,NA,NA,photo,Hootsuite Inc.,17,5,311971607,Scotland
324,3250721351,18/05/19 14:01,CodeClanScot,Shift your skills into a digital role! See the variety of careers our grads have gone into- from junior developer to product owner https://t.co/5d9urqKOQb,Hootsuite Inc.,154,NA,NA,NA,FALSE,FALSE,2,1,NA,NA,NA,NA,bit.ly/2LGeOVz,https://t.co/5d9urqKOQb,https://bit.ly/2LGeOVz,NA,NA,NA,NA,NA,NA
323,3250721351,17/05/19 17:01,CodeClanScot,"What career paths are there in tech? There are more than you may think, and you could already have some of the most important skills! Visit our Digital Careers page and choose your own path. https://t.co/5d9urqKOQb",Hootsuite Inc.,214,NA,NA,NA,FALSE,FALSE,4,9,NA,NA,NA,NA,bit.ly/2LGeOVz,https://t.co/5d9urqKOQb,https://bit.ly/2LGeOVz,NA,NA,NA,NA,NA,NA
322,3250721351,17/05/19 16:02,CodeClanScot,It's been a brilliant experience being a #CX project host for @CodeClanScot - when you collaborate with generous and enthusiastic people it's wonderfully infectious... #coding #businessforgood #socialgood https://t.co/G1c19WLR7w,Twitter Web Client,140,NA,NA,NA,FALSE,TRUE,0,2,NA,NA,CX,NA,NA,NA,NA,NA,Twitter for iPhone,2,2,15690410,Edinburgh | Cardiff | London
321,3250721351,17/05/19 15:38,CodeClanScot,"Want to get involved? We're looking for ethical, impactful and relevant projects for our students to tackle. Got a brief? Get in touch! https://t.co/FrjIovOa0j",Twitter Web Client,159,1.13E+18,3250721351,CodeClanScot,FALSE,FALSE,2,8,NA,NA,NA,NA,codeclan.com/for-employers/?,https://t.co/FrjIovOa0j,https://codeclan.com/for-employers/client-xperience/,NA,NA,NA,NA,NA,NA
320,3250721351,17/05/19 15:38,CodeClanScot,CodeClan students and graduates worked on live projects with @OneCherryApp @newsdirect @edfringe @alzscot and the results were amazing! https://t.co/iBnWyufAcx,Twitter Web Client,135,1.13E+18,3250721351,CodeClanScot,FALSE,FALSE,9,1,NA,NA,NA,NA,NA,NA,NA,photo,NA,NA,NA,NA,NA
319,3250721351,17/05/19 15:38,CodeClanScot,What an inspiring afternoon we?ve had in CodeClan Edinburgh. Four groups of students presented their Client Xperience projects.,Twitter Web Client,127,NA,NA,NA,FALSE,FALSE,2,1,NA,NA,NA,NA,NA,NA,NA,NA,NA,NA,NA,NA,NA
318,3250721351,17/05/19 13:48,CodeClanScot,"Hearing about the complexity of delivering accurate and timely political information to promote engagement in Scotland and how digital helps , from @KirstyRegan founder of @newsdirect at @CodeClanScot https://t.co/txjhXQ8ZwT",Twitter for iPhone,140,NA,NA,NA,FALSE,TRUE,0,3,NA,NA,NA,NA,NA,NA,NA,NA,Twitter for Android,12,3,7.53E+17,"Scotland, United Kingdom"
317,3250721351,17/05/19 13:48,CodeClanScot,"At @CodeClanScot hearing what our 2nd cohort of developers E28, have achieved towards creating an exciting voice skill for people with a dementia diagnosis @AlzScotDigital @alzscot Fantastic work, thanks! https://t.co/t79EiO3bo0",Twitter for iPhone,140,NA,NA,NA,FALSE,TRUE,0,2,NA,NA,NA,NA,NA,NA,NA,NA,Twitter for Android,15,2,7.53E+17,"Scotland, United Kingdom"
316,3250721351,17/05/19 08:00,CodeClanScot,"Meet six CodeClan graduates, learn about their careers and choose your own path! Visit our Digital Careers page here: https://t.co/5d9urqKOQb",Hootsuite Inc.,141,NA,NA,NA,FALSE,FALSE,5,2,NA,NA,NA,NA,bit.ly/2LGeOVz,https://t.co/5d9urqKOQb,https://bit.ly/2LGeOVz,NA,NA,NA,NA,NA,NA
315,3250721351,16/05/19 17:18,CodeClanScot,"Our Informational Evening is a GO!! One of our instructors, Sian, goes in depth on how we teach at codeclan______ #codeclanlife https://t.co/bP3L4QeRve",Twitter for iPhone,127,NA,NA,NA,FALSE,FALSE,4,1,NA,NA,codeclanlife,NA,NA,NA,NA,photo,NA,NA,NA,NA,NA
314,3250721351,16/05/19 13:35,CodeClanScot,"After the students' projects are presented, we're running #agile retrospectives for detailed feedback, a chance to reflect on what they've learned and what they'd do differently next time. https://t.co/6yVRdm2mji",Twitter Web App,189,1.13E+18,3250721351,CodeClanScot,FALSE,FALSE,5,1,NA,NA,agile,NA,NA,NA,NA,photo,NA,NA,NA,NA,NA
313,3250721351,16/05/19 13:04,CodeClanScot,"What?s day-to-day life like for a Junior Developer? Meet Kirstin, one of our grads who now works for a Scottish Start-up on what her job involves. https://t.co/eHQwSi0B64 https://t.co/tDaB62QWKM",Twitter Web App,170,NA,NA,NA,FALSE,FALSE,6,4,NA,NA,NA,NA,bit.ly/2JDBQK1,https://t.co/eHQwSi0B64,https://bit.ly/2JDBQK1,photo,NA,NA,NA,NA,NA
312,3250721351,16/05/19 12:30,CodeClanScot,I attended a great #SIGNA11Y event last night by @cellosignal at @CodeClanScot about Accessibility! I learned lots from the speakers and am keen to further develop my knowledge in this topic and take this forward into my career as a developer. #GlobalAccessibilityAwarenessDay https://t.co/cWHsLDLTUn,Twitter Web App,140,NA,NA,NA,FALSE,TRUE,0,3,NA,NA,SIGNA11Y,NA,NA,NA,NA,NA,Twitter Web Client,12,3,2844258789,"Edinburgh, Scotland"
311,3250721351,16/05/19 10:53,CodeClanScot,It's #JavaScript presentation day in #Glasgow! Each team has been hard at work to create their own unique projects- some hilarious- yet all wonderfully built _ Keep up the good work #js https://t.co/PFaexmBTHT,Twitter Web App,185,NA,NA,NA,FALSE,FALSE,12,4,NA,NA,"c(""JavaScript"", ""Glasgow"", ""js"")",NA,NA,NA,NA,photo,NA,NA,NA,NA,NA
310,3250721351,16/05/19 09:22,CodeClanScot,"TEDx Glasgow is happening on 14th June - it looks brilliant with many inspiring speakers. We?ve got some discounted rates and ticket offers for CodeClan students, alum and our community. Get in touch with us through a DM if you are interested!",Twitter Web App,243,NA,NA,NA,FALSE,FALSE,2,3,NA,NA,NA,NA,NA,NA,NA,NA,NA,NA,NA,NA,NA
309,3250721351,16/05/19 08:34,CodeClanScot,At the @cellosignal SIGNA11Y event in Edinburgh at @codeclan . #A11Y #accessibility #software #HuaweiP30Pro #ShotOnHuawei #ShotOnAndroid #WideAngle #RewriteTheRules https://t.co/qnADOi10SP https://t.co/TcaNuP5l28,Twitter Web App,140,NA,NA,NA,FALSE,TRUE,0,4,NA,NA,"c(""A11Y"", ""accessibility"", ""software"", ""HuaweiP30Pro"", ""ShotOnHuawei"")",NA,NA,NA,NA,NA,IFTTT,6,4,22066367,"Edinburgh, UK"
308,3250721351,15/05/19 14:48,CodeClanScot,Are you a #tech company in #Dundee? Come along to the @scotlandis Sourcing Talent event on 29th May to hear from local universities &amp; companies on #placements and #apprenticeships they can offer your business https://t.co/3sYtXbPNDA,Twitter for iPhone,139,NA,NA,NA,FALSE,TRUE,0,11,NA,NA,"c(""tech"", ""Dundee"")",NA,NA,NA,NA,NA,Twitter for Android,18,11,2282104867,@scotlandis
307,3250721351,15/05/19 14:46,CodeClanScot,We?re back for the final season of the #ImpactSummit19 Exploring Brand Activism: marketing tactic or the movement we?ve been waiting for? With @futerra @socialgoodhq and @MadeBrave https://t.co/LmNTVIq3oT,Twitter for iPhone,180,NA,NA,NA,FALSE,FALSE,7,1,NA,NA,ImpactSummit19,NA,NA,NA,NA,photo,NA,NA,NA,NA,NA
306,3250721351,15/05/19 13:57,CodeClanScot,Hey @CodeYourFuture_ @IrinaPreda we should talk! https://t.co/rWoa6StWRg,Twitter for iPhone,48,NA,NA,NA,FALSE,FALSE,1,0,NA,NA,NA,NA,NA,NA,NA,photo,NA,NA,NA,NA,NA
305,3250721351,15/05/19 13:37,CodeClanScot,Using Tech for Good. @IrinaPreda from @CodeYourFuture_ explores how #refugees can benefit from learning how to code as part of a community #ImpactSummit19 https://t.co/RQxaHeJf97,Twitter for iPhone,154,NA,NA,NA,FALSE,FALSE,6,3,NA,NA,"c(""refugees"", ""ImpactSummit19"")",NA,NA,NA,NA,photo,NA,NA,NA,NA,NA
304,3250721351,15/05/19 13:27,CodeClanScot,"#impactsummit19 keep continuity of message and be prepared to answer the difficult questions warns @futerra?s @OllyLawder #purpose and #values cant just be surface deep, they need to be true right through to the core of your business #SocialImpact",Twitter for iPhone,140,NA,NA,NA,FALSE,TRUE,0,2,NA,NA,impactsummit19,NA,NA,NA,NA,NA,Twitter for iPhone,5,2,31443589,"Scotland, United Kingdom"
303,3250721351,15/05/19 13:18,CodeClanScot,"A post-lunch panel next on the TV studio stage discussing sustainable business practices. Michael Groves (@topolytics), Siobhan MacKenzie (@siobhanmkilts), Alan Mahon (@BrewGoodr) and Martina Zupan (@alterwaste) https://t.co/OjoXleWGXH",Twitter for iPhone,140,NA,NA,NA,FALSE,TRUE,0,1,NA,NA,NA,NA,NA,NA,NA,NA,Twitter for iPhone,4,1,373452675,Scotland
302,3250721351,15/05/19 13:17,CodeClanScot,"#impactsummit19 @Sustainably?s @loralquinn discusses the importance of aligning company #values with those of #investors. Engaging investors with business issues, encouraging them to help the businesses to scale, keeps alignment on track. #PeopleMakeTheBusiness #impactinvesting https://t.co/ZwVNDEFLNP",Twitter for iPhone,140,NA,NA,NA,FALSE,TRUE,0,2,NA,NA,"c(""impactsummit19"", ""values"", ""investors"")",NA,NA,NA,NA,NA,Twitter for iPhone,4,2,31443589,"Scotland, United Kingdom"
301,3250721351,15/05/19 13:17,CodeClanScot,What are the five things you need to think about before you go ?live? on #purpose? _@futerra_?s _@OllyLawder_ asks ?are you being true to who you are?? - #culture and #values have to be real. #PeopleMakeTheBusiness #impactsummit19 #alignment https://t.co/YVAn9bnHMu,Twitter for iPhone,139,NA,NA,NA,FALSE,TRUE,0,2,NA,NA,purpose,NA,NA,NA,NA,NA,Twitter for iPhone,2,2,31443589,"Scotland, United Kingdom"
300,3250721351,15/05/19 12:37,CodeClanScot,We're hosting a Breakfast briefing this 28th May for partners and those interested in seeing how our Data Analysis course can help upskill their teams &amp; provide a new source of data talent. Find out more and register for the event here: https://t.co/85qHTZKnEq,Twitter Web App,264,NA,NA,NA,FALSE,FALSE,0,0,NA,NA,NA,NA,bit.ly/2LTmJiG,https://t.co/85qHTZKnEq,https://bit.ly/2LTmJiG,NA,NA,NA,NA,NA,NA
299,3250721351,15/05/19 11:58,CodeClanScot,#ImpactSummit19 ?Can you offer empathy?? and ?what voices are missing?? - @aprilwensel discusses the importance of #diversity and #inclusion in problem solving #tech #DiversityInTech #PeopleMakeTheBusiness,Twitter for iPhone,140,NA,NA,NA,FALSE,TRUE,0,4,NA,NA,ImpactSummit19,NA,NA,NA,NA,NA,Twitter for iPhone,6,4,31443589,"Scotland, United Kingdom"
298,3250721351,15/05/19 11:55,CodeClanScot,"Wow! We?re getting a whole MasterClass in guerilla and viral marketing from @HeyGirlsUK who used Holyrood stars, journalists and social good for social good (with a cheeky nod to local #VR tech gurus @ZapparApp) Amazing work folks! #ImpactSummit19 https://t.co/UJo2vjNz9K",Twitter for iPhone,247,NA,NA,NA,FALSE,FALSE,3,0,NA,NA,"c(""VR"", ""ImpactSummit19"")",NA,NA,NA,NA,photo,NA,NA,NA,NA,NA
297,3250721351,15/05/19 11:35,CodeClanScot,@aprilwensel Thank you for highlighting the importance of wellness and self care. It makes a world of difference. #ImpactSummit19,Twitter for iPhone,116,1.13E+18,171313785,aprilwensel,FALSE,FALSE,0,0,NA,NA,ImpactSummit19,NA,NA,NA,NA,NA,NA,NA,NA,NA,NA
296,3250721351,15/05/19 11:11,CodeClanScot,"We now have @GetAdministrate?s @johnjpeebles discussing the importance of mental health in the workplace #ImpactSummit19 Listen up, this is important. https://t.co/k44K9YtYoF",Twitter for iPhone,150,NA,NA,NA,FALSE,FALSE,2,3,NA,NA,ImpactSummit19,NA,NA,NA,NA,photo,NA,NA,NA,NA,NA
295,3250721351,15/05/19 10:30,CodeClanScot,"Interesting. Too many developers and engineers are never taught coping mechanisms or anything about self care says @aprilwensel it can lead to toxic workplaces. #Wellness has to be built in - and shared! ~We couldn?t agree more, April #ImpactSummit19 #CodeClanLife https://t.co/GWGbXcPA7f",Twitter for iPhone,264,NA,NA,NA,FALSE,FALSE,10,5,NA,NA,"c(""Wellness"", ""ImpactSummit19"", ""CodeClanLife"")",NA,NA,NA,NA,photo,NA,NA,NA,NA,NA
294,3250721351,15/05/19 10:24,CodeClanScot,Launch of website for Digital Skills Partnership https://t.co/PhE4k24Xk9 @CollegesScot @ScotFundCouncil @scotlandis,Twitter for iPhone,135,NA,NA,NA,FALSE,TRUE,0,12,NA,NA,NA,NA,digitalskillspartnership.scot,https://t.co/PhE4k24Xk9,https://digitalskillspartnership.scot,NA,Twitter for iPhone,25,12,225906778,Scotland
293,3250721351,15/05/19 10:17,CodeClanScot,We can always ask ourselves about diversity and what we can do to do better. How can we create less sufferings? #ImpactSummit19 #CCEUROTOUR https://t.co/TxSAK4ntDU,Twitter for iPhone,140,NA,NA,NA,FALSE,TRUE,0,3,NA,NA,NA,NA,NA,NA,NA,NA,Twitter for Android,4,3,9.59E+17,"Glasgow, Scotland"
292,3250721351,15/05/19 10:16,CodeClanScot,"Flying. Walking on the moon. Peace in Western Europe. Once, they were all just ideas. #Impactsummit19 #Imagibation #EuropeanUnion #CANDOFest https://t.co/w5onP8UznV",Twitter for iPhone,140,NA,NA,NA,FALSE,TRUE,0,5,NA,NA,"c(""Impactsummit19"", ""Imagibation"")",NA,NA,NA,NA,NA,Twitter for Android,4,5,9.59E+17,"Glasgow, Scotland"
291,3250721351,15/05/19 10:12,CodeClanScot,Changing the ?toxic tech? stereotype requires compassion says @aprilwensel and compassion starts with yourself. Treat yourself as you would a good friend. Then extend this out to your colleagues and community. #ImpactSummit19 #CANDOFest https://t.co/yi1ZpxA4Xz,Twitter for iPhone,236,NA,NA,NA,FALSE,FALSE,23,4,NA,NA,"c(""ImpactSummit19"", ""CANDOFest"")",NA,NA,NA,NA,photo,NA,NA,NA,NA,NA
290,3250721351,15/05/19 10:09,CodeClanScot,The main programme at #ImpactSummit19 starts with Steffen Stauber looking at the five elements of impact. Starting with the Platonic solids and a group visualisation. How do we find the courage to change for the better? #CANDOFest https://t.co/BIYP5CfzRD,Twitter for iPhone,230,NA,NA,NA,FALSE,FALSE,1,1,NA,NA,"c(""ImpactSummit19"", ""CANDOFest"")",NA,NA,NA,NA,photo,NA,NA,NA,NA,NA
289,3250721351,15/05/19 10:03,CodeClanScot,"Excited to be here at @ImpactSummit_ at @SWG3glasgow today to hear from exceptional #entrepreneurs leading sustainable, purpose-driven businesses discussing how we can create more socially conscious companies #EnterpriseFellows #CANDOFest #ImpactSummit19 #ThisIsImpact19 https://t.co/qrX6uObPZa",Twitter for iPhone,139,NA,NA,NA,FALSE,TRUE,0,3,NA,NA,entrepreneurs,NA,NA,NA,NA,NA,Twitter for iPhone,8,3,183280346,
288,3250721351,15/05/19 10:02,CodeClanScot,We?re looking forward to this one. ?Coding With Compassion? is the next topic at #ImpactSummit19 with the amazing @aprilwensel. How do we use technology as a force for good! #CANDOFest https://t.co/yiXHMUoczM,Twitter for iPhone,184,NA,NA,NA,FALSE,FALSE,5,2,NA,NA,"c(""ImpactSummit19"", ""CANDOFest"")",NA,NA,NA,NA,photo,NA,NA,NA,NA,NA
287,3250721351,15/05/19 09:59,CodeClanScot,"?The happiest countries in the world are not those with the most money, but with the least inequalities.? @DerekMackaySNP #ThisIsImpact19 #Sustainability #Equality https://t.co/aFNaF1DEgq",Twitter for iPhone,140,NA,NA,NA,FALSE,TRUE,0,5,NA,NA,NA,NA,NA,NA,NA,NA,Twitter for iPhone,16,5,1.03E+18,"Glasgow, Scotland"
286,3250721351,15/05/19 09:59,CodeClanScot,Good luck folks. Fingers crossed. https://t.co/PUvGJAbeWC,Twitter for iPhone,33,NA,NA,NA,TRUE,FALSE,0,0,NA,NA,NA,NA,twitter.com/FirefishCareer?,https://t.co/PUvGJAbeWC,https://twitter.com/FirefishCareers/status/1128600291476160512,NA,NA,NA,NA,NA,NA
285,3250721351,15/05/19 09:48,CodeClanScot,"Excited to be at the #ImpactSummit19 today as part of #teamBG. Come find me to hear more about what being a #BCorp means to us, as well as our new tech for good idea! https://t.co/wPtZk37zLW",Twitter for iPhone,140,NA,NA,NA,FALSE,TRUE,0,2,NA,NA,"c(""ImpactSummit19"", ""teamBG"", ""BCorp"")",NA,NA,NA,NA,NA,Twitter for iPhone,8,2,400321296,"Edinburgh, Scotland"
284,3250721351,15/05/19 09:33,CodeClanScot,Say hello to your TV Studio Stage Host for the day: the wonderful @hazel_gibbens from @FutureXGlobal! #ImpactSummit19 https://t.co/Sx4uHjt3v8,Twitter for iPhone,140,NA,NA,NA,FALSE,TRUE,0,2,NA,NA,ImpactSummit19,NA,NA,NA,NA,NA,Twitter for Android,7,2,9.59E+17,"Glasgow, Scotland"
283,3250721351,15/05/19 09:33,CodeClanScot,"A rousing call to action for businesses and founders with a focus on social impact, inclusion, diversity... and kindness from @DerekMackaySNP at today?s #ImpactSummit19 showing that Scotland #CANDOFest",Twitter for iPhone,201,NA,NA,NA,FALSE,FALSE,7,5,NA,NA,"c(""ImpactSummit19"", ""CANDOFest"")",NA,NA,NA,NA,NA,NA,NA,NA,NA,NA
282,3250721351,15/05/19 09:29,CodeClanScot,"""Politics and business can be a force for good together."" We're delighted to have @DerekMackaySNP opening #ImpactSummit19 https://t.co/l6d1OU82Px",Twitter for iPhone,140,NA,NA,NA,FALSE,TRUE,0,6,NA,NA,NA,NA,NA,NA,NA,NA,Twitter for Android,10,6,9.59E+17,"Glasgow, Scotland"
281,3250721351,15/05/19 09:14,CodeClanScot,"We?re live at #ImpactSummit19 today. Part of Scotland?s #CANDOFest festival exploring how organisations can make a real social impact. Some amazing companies, pioneers and innovators taking part https://t.co/umZLtviAJo",Twitter for iPhone,194,NA,NA,NA,FALSE,FALSE,4,1,NA,NA,"c(""ImpactSummit19"", ""CANDOFest"")",NA,NA,NA,NA,photo,NA,NA,NA,NA,NA
280,3250721351,15/05/19 08:18,CodeClanScot,Very excited for this next week in Edinburgh! https://t.co/CF8KOERscx,Twitter Web App,90,NA,NA,NA,FALSE,TRUE,0,1,NA,NA,NA,NA,twitter.com/CodeClanScot/s?,https://t.co/CF8KOERscx,https://twitter.com/CodeClanScot/status/1128253511437832192,NA,Twitter for Android,3,1,855466789,"Belfast, Northern Ireland"
279,3250721351,15/05/19 08:17,CodeClanScot,We had a wonderful evening in sunny Edinburgh with some very talented developers @CodeClanScot @seanmtracey @rcruicks @yaminigrao see you again soon #AI #chatbots #watson @IBMcloud _______ _ https://t.co/NrSNVrR4gD,Twitter Web App,140,NA,NA,NA,FALSE,TRUE,0,7,NA,NA,NA,NA,NA,NA,NA,NA,Twitter for iPhone,14,7,9.72E+17,"London, England"
278,3250721351,14/05/19 13:25,CodeClanScot,"This episode coming out one year to the day that I started @CodeClanScot seems fitting _ Check it out to hear me talking about changing careers and writing my first ""Hello, World"" _ https://t.co/OdDJiUls4J",Twitter Web App,140,NA,NA,NA,FALSE,TRUE,0,2,NA,NA,NA,NA,NA,NA,NA,NA,Twitter for Android,7,2,19886896,
277,3250721351,14/05/19 13:24,CodeClanScot,@GillianDoc Thank you Gillian! _,Twitter Web App,20,1.13E+18,52017609,GillianDoc,FALSE,FALSE,1,0,NA,NA,NA,NA,NA,NA,NA,NA,NA,NA,NA,NA,NA
276,3250721351,14/05/19 13:24,CodeClanScot,Brilliant well done @CodeClanScot https://t.co/NoUX0WvvSX,Twitter Web App,73,NA,NA,NA,FALSE,TRUE,0,2,NA,NA,NA,NA,twitter.com/CodeClanScot/s?,https://t.co/NoUX0WvvSX,https://twitter.com/CodeClanScot/status/1128253511437832192,NA,Twitter for iPhone,8,2,52017609,Scotland
275,3250721351,14/05/19 13:23,CodeClanScot,We are so proud of our Edinburgh mums at the @CODECLAN #techmumsClub https://t.co/LajeskXlvv,Twitter Web App,108,NA,NA,NA,FALSE,TRUE,0,4,NA,NA,techmumsClub,NA,twitter.com/CodeClanScot/s?,https://t.co/LajeskXlvv,https://twitter.com/CodeClanScot/status/1128253511437832192,NA,Twitter for iPhone,12,4,1875634988,"London, England"
274,3250721351,14/05/19 10:59,CodeClanScot,"It's the last week of learning for our first group of #TechMums! Today they're getting an introduction to the basics of coding, and then they'll be graduating next week! _____ @TechmumsHQ https://t.co/7l6lyrCoU7",Twitter Web App,187,NA,NA,NA,FALSE,FALSE,14,3,NA,NA,TechMums,NA,NA,NA,NA,photo,NA,NA,NA,NA,NA
273,3250721351,14/05/19 10:52,CodeClanScot,Last few remaining spaces left for our web accessibility &amp; inclusive design event at CodeClan Edinburgh this Wednesday. #a11yScotland #UX #inclusiveDesign https://t.co/UEXXDoZY3B,Twitter Web App,144,NA,NA,NA,FALSE,TRUE,0,6,NA,NA,NA,NA,NA,NA,NA,NA,Twitter Web App,5,6,20244617,Edinburgh
272,3250721351,14/05/19 10:44,CodeClanScot,"@shamblesmiller @CODECLAN Thank you for sharing, and glad to hear you enjoyed your time with us _",Twitter Web App,71,1.13E+18,19886896,shamblesmiller,FALSE,FALSE,1,0,NA,NA,NA,NA,NA,NA,NA,NA,NA,NA,NA,NA,NA
271,3250721351,14/05/19 10:42,CodeClanScot,"A year ago I started at @codeclan with these brilliant people. Now I'm a full-time software engineer, way sleepier, and way happier. I'm not exaggerating when I say this was one of the best and most meaningful decisions I've ever made. Thanks for taking a risk, past me. {G6}4LYF! https://t.co/Sl9wXwxUAk",Twitter Web App,140,NA,NA,NA,FALSE,TRUE,0,1,NA,NA,NA,NA,NA,NA,NA,NA,Twitter for Android,25,1,19886896,
270,3250721351,14/05/19 09:30,CodeClanScot,"Looking for a new, exciting and fast-paced career? See how we can help at our Edinburgh Informational Evening this Thursday. Book your seat here https://t.co/KzIQs8yk9V https://t.co/kW8XlwYFMD",Twitter Web App,168,NA,NA,NA,FALSE,FALSE,2,1,NA,NA,NA,NA,bit.ly/2Ys7VsI,https://t.co/KzIQs8yk9V,https://bit.ly/2Ys7VsI,photo,NA,NA,NA,NA,NA
269,3250721351,14/05/19 08:21,CodeClanScot,"For #MentalHealthAwarenessWeek, we asked our alumni how they keep a positive outlook through stressful situations. Gain some insight and tips here- https://t.co/MkBNxcwjFZ https://t.co/1FPTbf4BzH",Twitter Web App,171,NA,NA,NA,FALSE,FALSE,0,0,NA,NA,MentalHealthAwarenessWeek,NA,bit.ly/2VWCOrD,https://t.co/MkBNxcwjFZ,https://bit.ly/2VWCOrD,photo,NA,NA,NA,NA,NA
268,3250721351,13/05/19 11:47,CodeClanScot,Welcome to #Edinburgh Cohort 31 to the campus today __________!! #CodeClanLife #techlife #codenewbie https://t.co/K4uXxZHMB6,Twitter Web App,140,NA,NA,NA,FALSE,TRUE,0,3,NA,NA,"c(""Edinburgh"", ""CodeClanLife"", ""techlife"", ""codenewbie"")",NA,NA,NA,NA,photo,Twitter for Android,14,3,7.84E+17,"Edinburgh, Scotland"
267,3250721351,13/05/19 08:20,CodeClanScot,"Try some #coding of your own this Saturday with @CodeClanScot in #Inverness! For more information, visit: https://t.co/enladg1qwW https://t.co/zTbaFQV2mb",Twitter Web App,140,NA,NA,NA,FALSE,TRUE,0,2,NA,NA,"c(""coding"", ""Inverness"")",NA,NA,NA,NA,NA,Hootsuite Inc.,5,2,311971607,Scotland
266,3250721351,10/05/19 12:21,CodeClanScot,On my way to @CodeClanScot to give a talk on awareness around secure coding. I love giving and sharing this kind of information/talk!,Twitter Web App,140,NA,NA,NA,FALSE,TRUE,0,1,NA,NA,NA,NA,NA,NA,NA,NA,Twitter for Android,10,1,9.16E+17,"Scotland, United Kingdom"
265,3250721351,10/05/19 10:31,CodeClanScot,Congratulations to everyone who picked up awards yesterday at the Digital Technology Awards! https://t.co/3qc0qXmUYk https://t.co/zzFseYZgWj,Twitter Web App,116,NA,NA,NA,FALSE,FALSE,5,0,NA,NA,NA,NA,bit.ly/2WzweUY,https://t.co/3qc0qXmUYk,https://bit.ly/2WzweUY,photo,NA,NA,NA,NA,NA
264,3250721351,10/05/19 08:42,CodeClanScot,Congrats to all the winners of the #DigitalTech2019 awards last night- especially @DataLabScotland who were shortlisted alongside us for Best Training Programme _ It was also lovely to see many of our own students that went on to work for a number of companies at the event. __ https://t.co/FzhMRLFpP1,Twitter Web App,277,NA,NA,NA,FALSE,FALSE,34,4,NA,NA,DigitalTech2019,NA,NA,NA,NA,photo,NA,NA,NA,NA,NA
263,3250721351,09/05/19 20:23,CodeClanScot,@CodeClanScot is nominated to the Best Training Program at #DigitalTech2019 https://t.co/h6ODhLDoZh,Twitter Web App,112,NA,NA,NA,FALSE,TRUE,0,3,NA,NA,DigitalTech2019,NA,NA,NA,NA,photo,Twitter for iPhone,11,3,20675937,"Edinburgh, UK"
262,3250721351,09/05/19 20:17,CodeClanScot,Congratulations to The Data Lab! __ https://t.co/Rkp8kPMX20,Twitter Web App,35,NA,NA,NA,TRUE,FALSE,3,0,NA,NA,NA,NA,twitter.com/scotlandis/sta?,https://t.co/Rkp8kPMX20,https://twitter.com/scotlandis/status/1126581019476463616,NA,NA,NA,NA,NA,NA
261,3250721351,09/05/19 20:12,CodeClanScot,It's amazing to bump into some of our students at #DigitalTech2019 awards! With @colin_riddell we listened to some amazing stories from Laura and Andy from @airtsltd https://t.co/Vgi7ldcnXL,Twitter Web App,140,NA,NA,NA,FALSE,TRUE,0,3,NA,NA,DigitalTech2019,NA,NA,NA,NA,NA,Twitter for iPhone,14,3,20675937,"Edinburgh, UK"
260,3250721351,09/05/19 19:26,CodeClanScot,We're loving it at table 27. Up your game 22 @MaMChannel @CodeClanScot #DigitalTech2019 https://t.co/SIpKRkuU11 https://t.co/UHN5gJafip,Twitter Web App,140,NA,NA,NA,FALSE,TRUE,0,3,NA,NA,DigitalTech2019,NA,NA,NA,NA,photo,Twitter for Android,8,3,13244352,"Edinburgh, Scotland"
259,3250721351,09/05/19 18:02,CodeClanScot,We're loving it at table 27. Up your game 22 @MaMChannel @CodeClanScot #DigitalTech2019 https://t.co/SIpKRkuU11,Twitter Web App,133,NA,NA,NA,FALSE,TRUE,0,1,NA,NA,DigitalTech2019,NA,NA,NA,NA,photo,Twitter for Android,11,1,13244352,"Edinburgh, Scotland"
258,3250721351,09/05/19 18:02,CodeClanScot,#DigitalTech2019 We're off to a great start with @pollyp opening the night! https://t.co/e6bbERNIHq,Twitter Web App,75,NA,NA,NA,FALSE,FALSE,8,1,NA,NA,DigitalTech2019,NA,NA,NA,NA,photo,NA,NA,NA,NA,NA
257,3250721351,09/05/19 15:50,CodeClanScot,"Robert made a huge transition from the oil &amp; gas industry into the world of start-ups and tech. Read his story of why he chose to learn to code, and see where he is now- https://t.co/OJh3A0iZli https://t.co/RgRnpsMXd9",Twitter Web App,197,NA,NA,NA,FALSE,FALSE,10,0,NA,NA,NA,NA,bit.ly/2vM14xF,https://t.co/OJh3A0iZli,https://bit.ly/2vM14xF,photo,NA,NA,NA,NA,NA
256,3250721351,09/05/19 15:12,CodeClanScot,We're delighted to be taking part in this event tonight! Best of luck to all nominees __#DigitalTech2019 https://t.co/rioWMX2O5r,Twitter Web App,104,NA,NA,NA,TRUE,FALSE,4,0,NA,NA,DigitalTech2019,NA,twitter.com/scotlandis/sta?,https://t.co/rioWMX2O5r,https://twitter.com/scotlandis/status/1126493730591191041,NA,NA,NA,NA,NA,NA
255,3250721351,09/05/19 11:48,CodeClanScot,Our information lunch is a GO! Join us at our next one here: https://t.co/LkU5V4xYrq https://t.co/bcCsQWMdf2,Twitter for iPhone,84,NA,NA,NA,FALSE,FALSE,1,0,NA,NA,NA,NA,bit.ly/2QuAUaU,https://t.co/LkU5V4xYrq,https://bit.ly/2QuAUaU,photo,NA,NA,NA,NA,NA
254,3250721351,09/05/19 11:44,CodeClanScot,"Last week, we joined @CodeClanScot for the launch of their Highland Campus at the new Wasps Inverness Creative Academy with @KateForbesMSP. We can?t wait to be part of this exciting journey - watch this space for updates! Supported by @cityregiondeal. https://t.co/jQ9Bky3n9A",Twitter for iPhone,140,NA,NA,NA,FALSE,TRUE,0,7,NA,NA,NA,NA,NA,NA,NA,NA,Hootsuite Inc.,15,7,311971607,Scotland
253,3250721351,09/05/19 08:16,CodeClanScot,@gezthepez88 Hi there! We have a new Data Analysis course starting this 1st July. You can view the course details and curriculum here: https://t.co/Thk3kiWzb0,Twitter Web App,145,1.13E+18,548565515,gezthepez88,FALSE,FALSE,0,0,NA,NA,NA,NA,bit.ly/2EXMzuV,https://t.co/Thk3kiWzb0,https://bit.ly/2EXMzuV,NA,NA,NA,NA,NA,NA
252,3250721351,09/05/19 08:00,CodeClanScot,"""The course itself was intense, but also incredibly fun! It allowed me to challenge myself daily, be creative, solve problems and learn new skills. Plus, I got to share the journey with a lovely group of like minded students and friendly instructors!"" -Ally, G10 graduate https://t.co/nrSb9CIqHV",Hootsuite Inc.,271,NA,NA,NA,FALSE,FALSE,6,2,NA,NA,NA,NA,NA,NA,NA,photo,NA,NA,NA,NA,NA
251,3250721351,08/05/19 10:51,CodeClanScot,Fancy trying something new? Try something different with @CodeClanScot - come down to the brand new Wasps Studio in Inverness for a free Saturday code-along session! Sign up today: https://t.co/PHJQi6WF6R https://t.co/cMwAqdUXRU,Twitter Web App,140,NA,NA,NA,FALSE,TRUE,0,5,NA,NA,NA,NA,NA,NA,NA,NA,Hootsuite Inc.,5,5,311971607,Scotland
250,3250721351,08/05/19 09:30,CodeClanScot,"Since graduating from CodeClan, Richard now works as a Product Manager at neu, a digital product studio in Glasgow. Read his story and then meet him at our AMA event this 16th May- https://t.co/04XduXEUUE https://t.co/nEV5pZleLR",Twitter Web App,204,NA,NA,NA,FALSE,FALSE,4,0,NA,NA,NA,NA,bit.ly/2XVhZdj,https://t.co/04XduXEUUE,https://bit.ly/2XVhZdj,photo,NA,NA,NA,NA,NA
249,3250721351,08/05/19 08:09,CodeClanScot,Based in #Inverness? Check out the free code-along session this Saturday with @CodeClanScot #ScotlandCANDO https://t.co/wUJ4WberRq,Twitter Web App,140,NA,NA,NA,FALSE,TRUE,0,4,NA,NA,"c(""Inverness"", ""ScotlandCANDO"")",NA,NA,NA,NA,NA,Twitter for Android,8,4,2999637711,"Scotland, United Kingdom"
248,3250721351,07/05/19 14:56,CodeClanScot,Have you heard of our Client Xperience programme? More than 100 of our grads have volunteered their time to build digital solutions for charitable organisations. Find out more https://t.co/h1hjXenH7J https://t.co/LHgkTjKwR2,Twitter Web App,199,NA,NA,NA,FALSE,FALSE,0,0,NA,NA,NA,NA,bit.ly/2Wps7dY,https://t.co/h1hjXenH7J,https://bit.ly/2Wps7dY,photo,NA,NA,NA,NA,NA
247,3250721351,07/05/19 14:48,CodeClanScot,@IntoWork57 Thank you! _____,Twitter Web App,16,1.13E+18,2414055145,IntoWork57,FALSE,FALSE,0,0,NA,NA,NA,NA,NA,NA,NA,NA,NA,NA,NA,NA,NA
246,3250721351,07/05/19 14:30,CodeClanScot,Looking for a more interesting and fast-paced career? Join us at our lunchtime informational event this Thursday in #Edinburgh and see how #coding can make you love your day job. Find out more and book your spot here https://t.co/IZDa9riQeQ https://t.co/jUS0h1iKmR,Twitter Web App,240,NA,NA,NA,FALSE,FALSE,2,1,NA,NA,"c(""Edinburgh"", ""coding"")",NA,bit.ly/2vy6QDb,https://t.co/IZDa9riQeQ,https://bit.ly/2vy6QDb,photo,NA,NA,NA,NA,NA
245,3250721351,07/05/19 08:54,CodeClanScot,"Good luck to the #DigitalTech2019 shortlisted companies of Best Training Programme: @cortexww , @DataLabScotland and @CodeClanScot . We're delighted to have @GA_Dundee sponsoring this award. https://t.co/1Wv5lfsq2W",Twitter Web App,140,NA,NA,NA,FALSE,TRUE,0,6,NA,NA,DigitalTech2019,NA,NA,NA,NA,NA,Hootsuite Inc.,9,6,39978805,Scotland
244,3250721351,07/05/19 08:34,CodeClanScot,"This time next week, I'll be getting ready to run the next @IBMDeveloperUK Edinburgh meetup @CodeClanScot. If you're curious about how to build chatbots, join us! We'll have code, drinks, and pizza - and definitely NO ROGUE AIs (probably _) _____ https://t.co/QYDrRbIh01",Twitter Web App,140,NA,NA,NA,FALSE,TRUE,0,3,NA,NA,NA,NA,NA,NA,NA,NA,Twitter Web App,7,3,42671737,Mostly London
243,3250721351,06/05/19 12:07,CodeClanScot,@DChisholmHIE @moraychamber @morayeconomy Thank you for your support Donna!,Twitter Web App,33,1.13E+18,9.57E+17,DChisholmHIE,FALSE,FALSE,0,0,NA,NA,NA,NA,NA,NA,NA,NA,NA,NA,NA,NA,NA
242,3250721351,06/05/19 12:06,CodeClanScot,Welcome to CodeClan the digital skills academy now teaching here in the North. First immersive course starts 12 August so open for sign-ups from businesses and students. @moraychamber @morayeconomy @CodeClanScot https://t.co/cheTShElDT,Twitter Web App,140,NA,NA,NA,FALSE,TRUE,0,3,NA,NA,NA,NA,NA,NA,NA,NA,Twitter for Android,6,3,9.57E+17,"Forres, Scotland"
241,3250721351,06/05/19 11:52,CodeClanScot,Today I welcome #luckyG13 to our #Glasgow campus for day one of 16weeks _________. #CodeClanLife #glasgowlife #tech @CodeClanScot https://t.co/Ke90sZvkxM,Twitter Web App,140,NA,NA,NA,FALSE,TRUE,0,2,NA,NA,"c(""luckyG13"", ""Glasgow"", ""CodeClanLife"", ""glasgowlife"", ""tech"")",NA,NA,NA,NA,NA,Twitter for Android,11,2,7.84E+17,"Edinburgh, Scotland"
240,3250721351,06/05/19 09:36,CodeClanScot,_There's still spots available for tomorrow's info session in #Glasgow!_ Learn how you can change your career through learning to code at this free evening event. Book your spot now: https://t.co/dcpAGuPK2n https://t.co/HKkj7dsniU,Twitter Web App,206,NA,NA,NA,FALSE,FALSE,1,1,NA,NA,Glasgow,NA,bit.ly/2H597eb,https://t.co/dcpAGuPK2n,https://bit.ly/2H597eb,photo,NA,NA,NA,NA,NA
239,3250721351,03/05/19 12:33,CodeClanScot,"It?s E28?s graduation, we can?t believe how fast it?s gone by! Enjoy celebrating with your coursemates- you?ve all earned it _ #codeclanlife https://t.co/hcCyt4r9p0",Twitter for iPhone,141,NA,NA,NA,FALSE,FALSE,8,3,NA,NA,codeclanlife,NA,NA,NA,NA,photo,NA,NA,NA,NA,NA
238,3250721351,03/05/19 12:30,CodeClanScot,"Special thanks to @kelseyg for coming in to speak to and inspire our new graduates, E28! https://t.co/d65Ruv3Tqo",Twitter for iPhone,88,NA,NA,NA,FALSE,FALSE,3,0,NA,NA,NA,NA,NA,NA,NA,photo,NA,NA,NA,NA,NA
237,3250721351,03/05/19 10:38,CodeClanScot,"Ready for our 2nd #WebVR workshop at @CodeClanScot in #Glasgow_ https://t.co/bmX1EWscnu HUGE thanks to @TheHappyLass for helping me organise this event! Bring your friends, we look forward to seeing you there! ____________ @aframevr #WXRWS #WebXR #VR #WomenInXR #WorldChangingGlasgow https://t.co/lwLAslCHGH",Twitter Web App,140,NA,NA,NA,FALSE,TRUE,0,2,NA,NA,"c(""WebVR"", ""Glasgow"")",NA,meetup.com/WebXR-Workshop?,https://t.co/bmX1EWscnu,https://www.meetup.com/WebXR-Workshops-Scotland/events/261131493/,NA,Twitter Web Client,4,2,8.67E+17,"Edinburgh, UK"
236,3250721351,03/05/19 09:56,CodeClanScot,Be at the forefront of data with our new full time Data Analysis course! Become trained in sought-after skills and be an asset to businesses in any sector. Read more here https://t.co/Thk3kiWzb0 https://t.co/wwsI7WXNSA,Twitter Web App,194,NA,NA,NA,FALSE,FALSE,3,0,NA,NA,NA,NA,bit.ly/2EXMzuV,https://t.co/Thk3kiWzb0,https://bit.ly/2EXMzuV,photo,NA,NA,NA,NA,NA
235,3250721351,03/05/19 08:15,CodeClanScot,When designing for inclusivity you should be considering a broad range of abilities that may affect how someone is able to access the web. Join us at Edinburgh's @CodeClanScot for a night of talks and open discussion on accessibility: https://t.co/7RuC0PseiZ https://t.co/zIqSiGVBK1,Twitter Web App,140,NA,NA,NA,FALSE,TRUE,0,11,NA,NA,NA,NA,NA,NA,NA,NA,Twitter Web Client,17,11,16667294,London Edinburgh Cheltenham
234,3250721351,02/05/19 15:43,CodeClanScot,@Klostarinthesky Most welcome! So happy to see you get this started! _,Twitter Web Client,53,1.12E+18,1543478622,Klostarinthesky,FALSE,FALSE,0,0,NA,NA,NA,NA,NA,NA,NA,NA,NA,NA,NA,NA,NA
233,3250721351,02/05/19 15:41,CodeClanScot,"CoderDojo is a fantastic initiative and one we're delighted to support on our campuses. Do you know a Fife-based business, club, community centre, library or anyone who can help @Klostarinthesky with a potential venue? https://t.co/WFHutNIevt",Twitter Web Client,218,NA,NA,NA,TRUE,FALSE,8,6,NA,NA,NA,NA,twitter.com/Klostarinthesk?,https://t.co/WFHutNIevt,https://twitter.com/Klostarinthesky/status/1123970969796796416,NA,NA,NA,NA,NA,NA
232,3250721351,01/05/19 15:45,CodeClanScot,Digital Economy Minister @KateForbesMSP launches new @CodeClanScot campus in Inverness. The campus will help those who live outside the central belt access important digital skills training and create the opportunities which are important for our economy. @CodeClanScot https://t.co/ZMLAHfR4v1,Twitter Web App,139,NA,NA,NA,FALSE,TRUE,0,8,NA,NA,NA,NA,NA,NA,NA,NA,Twitter for Android,28,8,480405720,Scotland
231,3250721351,01/05/19 15:38,CodeClanScot,Did you book your spot at one of our info sessions next week? Join us in Glasgow or Edinburgh and speak to our staff and instructors about how our course can help you take on a new career. 7th May- Glasgow: https://t.co/93duuhxrxh 9th May- Edinburgh: https://t.co/IZDa9riQeQ https://t.co/vFfFSCjglD,Twitter Web App,275,NA,NA,NA,FALSE,FALSE,1,0,NA,NA,NA,NA,"c(""bit.ly/2GY1p77"", ""bit.ly/2vy6QDb"")","c(""https://t.co/93duuhxrxh"", ""https://t.co/IZDa9riQeQ"")","c(""https://bit.ly/2GY1p77"", ""https://bit.ly/2vy6QDb"")",photo,NA,NA,NA,NA,NA
230,3250721351,01/05/19 08:58,CodeClanScot,"""I think part of how you?re able to learn so much within 16 weeks is because you are never comfortable. You?ll be consistently pushed, but the network within the class makes it feel like you all get there together."" Read our grad Richard's full story here: https://t.co/anXKMf1EQc https://t.co/ggiejQg9yk",Twitter Web App,280,NA,NA,NA,FALSE,FALSE,5,0,NA,NA,NA,NA,bit.ly/2ITNPnk,https://t.co/anXKMf1EQc,https://bit.ly/2ITNPnk,photo,NA,NA,NA,NA,NA
229,3250721351,30/04/19 14:24,CodeClanScot,"Changing career doesn't have a time limit. Join us this 16th May for an evening of drinks and chat on how our Professional Software Development course can help you dive into a new career, at any age. Book your free seat here: https://t.co/h56asZojpk https://t.co/kZogBUDTZo",Twitter Web App,249,NA,NA,NA,FALSE,FALSE,2,1,NA,NA,NA,NA,bit.ly/2WdBIEN,https://t.co/h56asZojpk,https://bit.ly/2WdBIEN,photo,NA,NA,NA,NA,NA
228,3250721351,30/04/19 10:39,CodeClanScot,"Please note that due to unforeseen circumstances, tonight's CoderDojo event in CodeClan Edinburgh has been cancelled. For events in the near future, please check out the CodeClan Edinburgh CoderDojo Eventbrite page here: https://t.co/SDXCX2vI7S",Twitter Web Client,244,NA,NA,NA,FALSE,FALSE,0,1,NA,NA,NA,NA,eventbrite.co.uk/o/codeclan-edi?,https://t.co/SDXCX2vI7S,https://www.eventbrite.co.uk/o/codeclan-edinburgh-coderdojo-17593478260,NA,NA,NA,NA,NA,NA
227,3250721351,30/04/19 10:15,CodeClanScot,"""I think that being creative and working with tech is really intertwined. Coding is inherently creative _ when you approach each problem, you have complete freedom in how to approach it"". Read Richards story on learning to code here https://t.co/anXKMf1EQc https://t.co/pxPuOvu7LJ",Twitter Web App,256,NA,NA,NA,FALSE,FALSE,5,4,NA,NA,NA,NA,bit.ly/2ITNPnk,https://t.co/anXKMf1EQc,https://bit.ly/2ITNPnk,photo,NA,NA,NA,NA,NA
226,3250721351,30/04/19 09:21,CodeClanScot,What steps can you take to make sure you and your family are safe online? This week our #TechMums are exploring different ways to keep the internet secure and protect important information. https://t.co/zWx5YweRHF,Twitter Web App,189,NA,NA,NA,FALSE,FALSE,1,1,NA,NA,TechMums,NA,NA,NA,NA,photo,NA,NA,NA,NA,NA
225,3250721351,29/04/19 15:56,CodeClanScot,Digital Economy Minister @KateForbesMSP visited @Origo_Services HQ in Edinburgh today where she met with some of the apprentices and staff that have been recruited from specialist digital academy @CodeClanScot. https://t.co/99K8yGqzec,Twitter Web App,140,NA,NA,NA,FALSE,TRUE,0,8,NA,NA,NA,NA,NA,NA,NA,NA,Twitter for iPhone,26,8,480405720,Scotland
224,3250721351,29/04/19 08:25,CodeClanScot,@KateForbesMSP spoke at our @CodeClanScot Highlands campus opening in Inverness. It is wonderful to find so many keen and helpful people in here. I am very excited to move here and teach the first Inverness cohort this September! Yay! https://t.co/DrzqODdYOk,Twitter Web App,140,NA,NA,NA,FALSE,TRUE,0,5,NA,NA,NA,NA,NA,NA,NA,NA,Twitter Web Client,13,5,20675937,"Edinburgh, UK"
223,3250721351,29/04/19 08:24,CodeClanScot,Thanks @CodeClanScot for a really good course (intro to R). I was so worried about using code but this has really helped. Thanks Theo - brilliant teacher. https://t.co/NMje9ceh7f,Twitter Web App,140,NA,NA,NA,FALSE,TRUE,0,1,NA,NA,NA,NA,NA,NA,NA,NA,Twitter for iPhone,6,1,9.41E+17,"North East, England"
222,3250721351,29/04/19 08:24,CodeClanScot,@Taniastablets Thank you for your kind words Tania!,Twitter Web App,36,1.12E+18,9.41E+17,Taniastablets,FALSE,FALSE,0,0,NA,NA,NA,NA,NA,NA,NA,NA,NA,NA,NA,NA,NA
221,3250721351,26/04/19 15:34,CodeClanScot,"We have some new graduates this Friday! Congrats G11 on all your hardwork, you've come so far since your first day with us _ https://t.co/bc9b6AmRte",Twitter Web App,124,NA,NA,NA,FALSE,FALSE,11,1,NA,NA,NA,NA,NA,NA,NA,photo,NA,NA,NA,NA,NA
220,3250721351,26/04/19 15:07,CodeClanScot,CodeClan Launches Client Xperience Programme Following Successful Pilot https://t.co/aXLRzv2c18 via @digitfyi,Twitter Web App,121,NA,NA,NA,FALSE,TRUE,0,2,NA,NA,NA,NA,digit.fyi/codeclan-clien?,https://t.co/aXLRzv2c18,https://digit.fyi/codeclan-client-xperience-programme/,NA,Twitter Web Client,5,2,310948863,"Scotland, UK"
219,3250721351,26/04/19 15:06,CodeClanScot,@SNH_Maps It was great to have your support there. Thank you!,Twitter Web App,51,1.12E+18,8.12E+17,SNH_Maps,FALSE,FALSE,1,0,NA,NA,NA,NA,NA,NA,NA,NA,NA,NA,NA,NA,NA
218,3250721351,26/04/19 15:05,CodeClanScot,Great to be invited to the launch of CodeClan Highlands last night in Inverness - good evening. Exciting to be part of it. https://t.co/Od9WMl2BVc,Twitter Web App,140,NA,NA,NA,FALSE,TRUE,0,1,NA,NA,NA,NA,NA,NA,NA,NA,Twitter Web App,8,1,8.12E+17,"Scotland, United Kingdom"
217,3250721351,26/04/19 11:25,CodeClanScot,"It's _ Speed Networking _ day for Cohort E28 in Edinburgh. Great to see our partners in, and especially exciting to welcome back a few CodeClan grads, this time on the hiring side of the table. Good luck everyone! #CodeClanLife https://t.co/799yZx29iw",Twitter Web Client,227,NA,NA,NA,FALSE,FALSE,4,0,NA,NA,CodeClanLife,NA,NA,NA,NA,photo,NA,NA,NA,NA,NA
216,3250721351,26/04/19 10:53,CodeClanScot,It's #graduation day today for G11 in @CodeClanScot _________!! It's been a quick 16weeks _. #codeclanlife #glasgowlife #techlife,Twitter Web App,140,NA,NA,NA,FALSE,TRUE,0,2,NA,NA,"c(""graduation"", ""codeclanlife"", ""glasgowlife"")",NA,NA,NA,NA,NA,Twitter for Android,11,2,7.84E+17,"Edinburgh, Scotland"
215,3250721351,26/04/19 10:41,CodeClanScot,Learning by drawing in action. __ Mob diagramming. #codeclanlife @CodeClanScot https://t.co/I7OzeBqbJJ,Twitter Web App,116,NA,NA,NA,FALSE,TRUE,0,1,NA,NA,codeclanlife,NA,NA,NA,NA,photo,Twitter for Android,7,1,2714263195,
214,3250721351,26/04/19 10:41,CodeClanScot,Great launch in Inverness last night - so delighted Minister @KateForbesMSP could join us. We met lots of great employers and looking forward to sold-out Info/Taster session tomorrow @CodeClanScot https://t.co/rjBi32TAjG,Twitter Web App,140,NA,NA,NA,FALSE,TRUE,0,7,NA,NA,NA,NA,NA,NA,NA,NA,Twitter Web Client,24,7,7.38E+17,"Scotland, United Kingdom"
213,3250721351,25/04/19 15:57,CodeClanScot,"Work done, off to @CodeClanScot launch party, celebrating their new #Inverness location at @waspsstudios #CodeClanScot https://t.co/HRRraW7xht",Twitter Web App,140,NA,NA,NA,FALSE,TRUE,0,1,NA,NA,"c(""Inverness"", ""CodeClanScot"")",NA,NA,NA,NA,NA,Twitter Web Client,7,1,14327356,"Inverness, Scotland"
212,3250721351,25/04/19 15:44,CodeClanScot,Congratulations to everyone in e29 on today's #fullstack #javascript project presentations. Very proud to be counted amongst such talented #softwaredevelopers! @CodeClanScot #codeclanlife https://t.co/oRCZw1vKLa,Twitter Web App,140,NA,NA,NA,FALSE,TRUE,0,5,NA,NA,"c(""fullstack"", ""javascript"")",NA,NA,NA,NA,NA,Twitter for Android,12,5,1.11E+18,"Edinburgh, Scotland"
211,3250721351,25/04/19 13:08,CodeClanScot,"It's #JS project week for cohort E29 in Edinburgh this week, and we've seen some great ideas coded into working software in the space of a few days. Well done to everyone involved! #JavaScript #coding https://t.co/ovbDhfN1r6",Twitter Web Client,200,NA,NA,NA,FALSE,FALSE,10,0,NA,NA,"c(""JS"", ""JavaScript"", ""coding"")",NA,NA,NA,NA,photo,NA,NA,NA,NA,NA
210,3250721351,25/04/19 12:41,CodeClanScot,Another iteration of the UX Fundamentals course that I have written and now I deliver for @CodeClanScot runs this week. Currently learning about ways of mapping user journeys! Pretty cool ideas here! #ux #training https://t.co/C0a55Z9ZBR,Twitter Web Client,140,NA,NA,NA,FALSE,TRUE,0,2,NA,NA,NA,NA,NA,NA,NA,NA,Twitter for iPhone,13,2,7.13E+17,"Edinburgh, Scotland"
209,3250721351,25/04/19 11:01,CodeClanScot,Looking to hire in digital? Come along to our Speed Networking event this 26th April and meet our talent. https://t.co/4CjwSYTIm2 https://t.co/rOfYHwnuE7,Hootsuite Inc.,129,NA,NA,NA,FALSE,FALSE,0,0,NA,NA,NA,NA,bit.ly/2ZvWNMO,https://t.co/4CjwSYTIm2,https://bit.ly/2ZvWNMO,photo,NA,NA,NA,NA,NA
208,3250721351,25/04/19 08:07,CodeClanScot,It's a big day at @CodeClanScot #Edinburgh today ___. We've got E28 presenting their final project in #Java and E29 presenting their #javascript group projects ___________. #CodeClanLife #techlife,Twitter Web App,140,NA,NA,NA,FALSE,TRUE,0,1,NA,NA,"c(""Edinburgh"", ""Java"")",NA,NA,NA,NA,NA,Twitter for Android,15,1,7.84E+17,"Edinburgh, Scotland"
207,3250721351,25/04/19 08:00,CodeClanScot,Make your data work for you through our R programming series this Spring. Choose from any or all of our five one-day R courses here: https://t.co/cs3iuyoAqx https://t.co/UFZ1OxbyEq,Hootsuite Inc.,156,NA,NA,NA,FALSE,FALSE,0,0,NA,NA,NA,NA,bit.ly/2DownoZ,https://t.co/cs3iuyoAqx,https://bit.ly/2DownoZ,photo,NA,NA,NA,NA,NA
206,3250721351,24/04/19 21:18,CodeClanScot,"I can't stop playing with the web app we made for our @CodeClanScot javascript group project, and I don't mean in a tinkering with the code way! So proud of what my group (feat @ArchibaldJenn and @JonZarecki) achieved this week!! https://t.co/otkSHXIYZu",Twitter for iPhone,140,NA,NA,NA,FALSE,TRUE,0,4,NA,NA,NA,NA,NA,NA,NA,NA,Twitter Web Client,15,4,469687502,
205,3250721351,24/04/19 21:18,CodeClanScot,And we?re thrilled you?re here! https://t.co/WQYLfMGBLw,Twitter for iPhone,31,NA,NA,NA,TRUE,FALSE,3,0,NA,NA,NA,NA,twitter.com/AntonPuzorjov/?,https://t.co/WQYLfMGBLw,https://twitter.com/AntonPuzorjov/status/1121160058086273024,NA,NA,NA,NA,NA,NA
204,3250721351,24/04/19 17:01,CodeClanScot,Upskill in the R language and join us at our one day #DataCarpentry course this 30th April. Manage large sets of data through the #tidyverse and improve your workflow. Book your spot here: https://t.co/DYdIW9kntG https://t.co/jutwIzemGF,Hootsuite Inc.,212,NA,NA,NA,FALSE,FALSE,0,0,NA,NA,"c(""DataCarpentry"", ""tidyverse"")",NA,bit.ly/2tOOqgC,https://t.co/DYdIW9kntG,https://bit.ly/2tOOqgC,photo,NA,NA,NA,NA,NA
203,3250721351,24/04/19 16:21,CodeClanScot,If there was any doubt that #ScotlandCanDo when it comes to the global digital technology scene #EIE19 has removed it. We?re proud to be a part of it. https://t.co/8p3VtGpEJP,Twitter for iPhone,150,NA,NA,NA,FALSE,FALSE,2,0,NA,NA,"c(""ScotlandCanDo"", ""EIE19"")",NA,NA,NA,NA,photo,NA,NA,NA,NA,NA
202,3250721351,24/04/19 16:19,CodeClanScot,Top venue and top talent. It?s all happening in Edinburgh today #EIE19 #Edinburgh https://t.co/EgyEOK0x2p,Twitter for iPhone,125,NA,NA,NA,FALSE,TRUE,0,2,NA,NA,"c(""EIE19"", ""Edinburgh"")",NA,NA,NA,NA,photo,Twitter for iPad,7,2,893674782,Glasgow
201,3250721351,24/04/19 15:51,CodeClanScot,"The ambition, the vision and the growth mindset of the companies pitching at #EIE19 is just mind blowing. https://t.co/J7R2N0ETdc",Twitter for iPhone,105,NA,NA,NA,FALSE,FALSE,5,1,NA,NA,EIE19,NA,NA,NA,NA,photo,NA,NA,NA,NA,NA
200,3250721351,24/04/19 15:38,CodeClanScot,@RBSBusiness digital partner for our Entrepreneur Accelerator pitching for investment at #EIE19 @paulabrown84 Look forward to having @beezereuan on our panel next week as we #PowerUp our entrepreneurs at our Marketing network event https://t.co/GUA8OgM07y,Twitter for iPhone,140,NA,NA,NA,FALSE,TRUE,0,4,NA,NA,EIE19,NA,NA,NA,NA,NA,Twitter for iPhone,8,4,2319770099,Glasgow?
199,3250721351,24/04/19 15:21,CodeClanScot,The pitch from @CyanForensics was a fantastic example of how a Scottish company can solve a huge and exponential problem for the world: stopping harmful online content #EIE19 https://t.co/t23XxPkN4h,Twitter for iPhone,174,NA,NA,NA,FALSE,FALSE,7,2,NA,NA,EIE19,NA,NA,NA,NA,photo,NA,NA,NA,NA,NA
198,3250721351,24/04/19 15:18,CodeClanScot,Down to the last few pitches now at #EIE19 stay tuned for the winner! https://t.co/sq6NDH4l96,Twitter for iPhone,107,NA,NA,NA,FALSE,TRUE,0,2,NA,NA,EIE19,NA,NA,NA,NA,photo,Twitter for iPhone,4,2,373452675,Scotland
197,3250721351,24/04/19 15:18,CodeClanScot,Great to hear @Dr_Black inspiring story of continuing to build on early small steps to hugely impact others lives to open opportunitues for change #Techmums #EIE19 #TechForGood https://t.co/yFngPafvW7,Twitter for iPhone,140,NA,NA,NA,FALSE,TRUE,0,7,NA,NA,NA,NA,NA,NA,NA,NA,Twitter for Android,14,7,2693014244,"Scotland, United Kingdom"
196,3250721351,24/04/19 15:18,CodeClanScot,Blocking the sharing of harmful content - @CyanForensics - this gives me hope for the future of social media... #EIE19 https://t.co/LxQsuker2E,Twitter for iPhone,139,NA,NA,NA,FALSE,TRUE,0,2,NA,NA,EIE19,NA,NA,NA,NA,NA,Twitter for iPhone,6,2,3239217940,"Scotland, United Kingdom"
195,3250721351,24/04/19 15:11,CodeClanScot,We are extremely happy and lucky to be part of @CodeClanScot new Client Xperience programme! If you're doing #techforgood its an opportunity not to miss! https://t.co/1o9EsWrE3Q,Twitter for iPhone,140,NA,NA,NA,FALSE,TRUE,0,1,NA,NA,techforgood,NA,NA,NA,NA,NA,Twitter Web Client,2,1,9.25E+17,"Edinburgh, Scotland"
194,3250721351,24/04/19 15:10,CodeClanScot,"We're currently looking for a Chief #Data Officer to join us in Edinburgh or Glasgow! This strategic, influential role in our senior management team will lead the data and #analytics approach across the entire organisation _ More info | https://t.co/TqddwJoRGY https://t.co/puiii9EwDP",Twitter for iPhone,140,NA,NA,NA,FALSE,TRUE,0,15,NA,NA,Data,NA,NA,NA,NA,NA,Twitter Web Client,16,15,98631626,Offices in Edinburgh and Glasgow
193,3250721351,24/04/19 13:48,CodeClanScot,@claireedenscott @infventures We?re wondering if it will work on students?,Twitter for iPhone,44,1.12E+18,9.74E+17,claireedenscott,FALSE,FALSE,3,0,NA,NA,NA,NA,NA,NA,NA,NA,NA,NA,NA,NA,NA
192,3250721351,24/04/19 13:47,CodeClanScot,"Great to see #GlobalScots meeting each other at #EiE19 &amp; on the investor panels - @DeborahMagid1 this morning &amp; Eric McAfee, Alistair Forbes &amp; Gitte Bedford this afternoon. Scotland?s premier investment conference- brilliant innovative companies made in Scotland. #ScotlandIsNow",Twitter for iPhone,148,NA,NA,NA,FALSE,TRUE,0,7,NA,NA,"c(""GlobalScots"", ""EiE19"")",NA,NA,NA,NA,NA,Twitter for iPhone,9,7,17425690,
191,3250721351,24/04/19 13:42,CodeClanScot,We hope nobody tweets this ;-) https://t.co/38BMYQKbDd,Twitter for iPhone,30,NA,NA,NA,TRUE,FALSE,1,0,NA,NA,NA,NA,twitter.com/HighGrowthScot?,https://t.co/38BMYQKbDd,https://twitter.com/HighGrowthScot/status/1121042762206466049,NA,NA,NA,NA,NA,NA
190,3250721351,24/04/19 13:36,CodeClanScot,"Woohoo!!! _ #EIE19 is trending and two of our fantastic sponsors, @alistairforbes @MerciaTech and @flackboy @CodeClanScot, are checked in the process! _ #KeepItUpFolks https://t.co/Ue3f0QXc0D",Twitter for iPhone,140,NA,NA,NA,FALSE,TRUE,0,4,NA,NA,EIE19,NA,NA,NA,NA,NA,Twitter for iPhone,23,4,29512757,Edinburgh
189,3250721351,24/04/19 13:33,CodeClanScot,"Alongside his PhD at @EdinburghUni, student Anton Puzorjov founded a start-up to fight fast fashion. ____ Learn about his motivations for helping create a more circular economy in our latest blog for #FashionRevolutionWeek! https://t.co/1khmk58aeT https://t.co/iDVeaCHtZt",Twitter for iPhone,140,NA,NA,NA,FALSE,TRUE,0,6,NA,NA,NA,NA,NA,NA,NA,NA,Twitter Web Client,18,6,327576262,University of Edinburgh
188,3250721351,24/04/19 13:26,CodeClanScot,@infventures We hope you?re sharing the Spotify playlist...,Twitter for iPhone,46,1.12E+18,29512757,infventures,FALSE,FALSE,0,0,NA,NA,NA,NA,NA,NA,NA,NA,NA,NA,NA,NA,NA
187,3250721351,24/04/19 13:22,CodeClanScot,"Our #CyberSecurity meetup is less than a week away! Shout out to our excellent sponsors for all their support: @cultivatehq, @eagle_labs_edin &amp; @CodebaseTech _ Spots are going fast - grab yours here __ https://t.co/8rlV3njy7l #prodmgmt #ProductTank https://t.co/RoX648ndIH",Twitter for iPhone,140,NA,NA,NA,FALSE,TRUE,0,7,NA,NA,CyberSecurity,NA,NA,NA,NA,NA,Twitter for iPhone,8,7,2677928664,"Edinburgh, Scotland"
186,3250721351,24/04/19 13:18,CodeClanScot,Thanks to @TheScotsman for carrying the news of our new #ClientXperience programme. #CX #EIE19 #thirdsector - https://t.co/jlBlpqZ8aT,Twitter for iPhone,133,NA,NA,NA,FALSE,FALSE,2,2,NA,NA,"c(""ClientXperience"", ""CX"", ""EIE19"", ""thirdsector"")",NA,scotsman.com/business/codec?,https://t.co/jlBlpqZ8aT,https://www.scotsman.com/business/codeclan-kicks-off-digital-volunteer-plan-1-4913653,NA,NA,NA,NA,NA,NA
185,3250721351,24/04/19 13:11,CodeClanScot,We're excited to be part of @infventures #EIE19 as a sponsor and panel speaker. Don't miss this opportunity to hear Mercia's @alistairforbes speak today at the 2pm panel. https://t.co/2Y0OzqoCst,Twitter for iPhone,140,NA,NA,NA,FALSE,TRUE,0,4,NA,NA,EIE19,NA,NA,NA,NA,NA,TweetDeck,8,4,2858828277,"Henley in Arden, Warwickshire"
184,3250721351,24/04/19 13:11,CodeClanScot,Wow! The last slide of @Dr_Black?s #EIE19 keynote is... us! The amazing @TechmumsHQ we?re running here in #Edinburgh. Thanks Sue! https://t.co/nZlJgYyGvw,Twitter for iPhone,129,NA,NA,NA,FALSE,FALSE,9,4,NA,NA,"c(""EIE19"", ""Edinburgh"")",NA,NA,NA,NA,photo,NA,NA,NA,NA,NA
183,3250721351,24/04/19 11:11,CodeClanScot,It?s never to late to learn new skills and pursue a new course! https://t.co/SDnJ99UWBV,Twitter for iPhone,63,NA,NA,NA,TRUE,FALSE,2,0,NA,NA,NA,NA,twitter.com/christophelamo?,https://t.co/SDnJ99UWBV,https://twitter.com/christophelamot/status/1121007939651887104,NA,NA,NA,NA,NA,NA
182,3250721351,24/04/19 11:10,CodeClanScot,"Join @CodeClanScot in #Inverness this Saturday to take a look around their new campus, mingle with their instructors and try some #coding of your own. Lunch will be provided, plus? it?s free to come along! Sign up at https://t.co/X6SAjcQ5tT https://t.co/ppFV4x5uHM",Twitter for iPhone,140,NA,NA,NA,FALSE,TRUE,0,4,NA,NA,Inverness,NA,NA,NA,NA,NA,Hootsuite Inc.,4,4,311971607,Scotland
181,3250721351,24/04/19 11:10,CodeClanScot,@Janie_Kennedy @Dr_Black https://t.co/Lpnom2WPAf,Twitter for iPhone,0,1.12E+18,31443589,Janie_Kennedy,FALSE,FALSE,1,0,NA,NA,NA,NA,NA,NA,NA,photo,NA,NA,NA,NA,NA
180,3250721351,24/04/19 11:06,CodeClanScot,Great pic of _@Dr_Black_ at _@CodeClanScot_ yesterday meeting some of the #techmums in Scotland #EIE19 https://t.co/bRaMcEBNyF,Twitter for iPhone,140,NA,NA,NA,FALSE,TRUE,0,3,NA,NA,"c(""techmums"", ""EIE19"")",NA,NA,NA,NA,NA,Twitter for iPhone,14,3,31443589,"Scotland, United Kingdom"
179,3250721351,24/04/19 10:58,CodeClanScot,Scottish tech sector in growth mode according to annual ScotlandIS survey _ High Growth Scotland https://t.co/xO4jHe2dEl @scotlandis,Twitter for iPhone,140,NA,NA,NA,FALSE,TRUE,0,1,NA,NA,NA,NA,NA,NA,NA,NA,Hootsuite Inc.,2,1,3239217940,"Scotland, United Kingdom"
178,3250721351,24/04/19 10:55,CodeClanScot,"An inspiring journey from @Dr_Black. From her childhood years to university, to saving @bletchleypark and writing the fastest crowdfunded book ever (and the value of @stephenfry) to the advent of @TechmumsHQ #EIE19 https://t.co/RSOQ8tb0JM",Twitter for iPhone,214,NA,NA,NA,FALSE,FALSE,10,2,NA,NA,EIE19,NA,NA,NA,NA,photo,NA,NA,NA,NA,NA
177,3250721351,24/04/19 10:47,CodeClanScot,We totally agree with this! Nice mention for @CodeClanScot too. https://t.co/lS0OSd71oD,Twitter for iPhone,102,NA,NA,NA,FALSE,TRUE,0,1,NA,NA,NA,NA,bbc.co.uk/news/uk-scotla?,https://t.co/lS0OSd71oD,https://www.bbc.co.uk/news/uk-scotland-scotland-business-48034202#,NA,Twitter Web Client,4,1,3224005539,"Edinburgh, Scotland"
176,3250721351,24/04/19 10:46,CodeClanScot,"Challenging but optimistic: Scotland?s demand for digital skills is growing, but how do we find the people and skills we need? A great interview with @pollyp on the new @scotlandis skills survey: https://t.co/sqv9ZVXaoj",Twitter for iPhone,219,NA,NA,NA,FALSE,FALSE,1,0,NA,NA,NA,NA,bbc.co.uk/news/uk-scotla?,https://t.co/sqv9ZVXaoj,https://www.bbc.co.uk/news/uk-scotland-scotland-business-48034202,NA,NA,NA,NA,NA,NA
175,3250721351,24/04/19 10:36,CodeClanScot,Today we've launched the #ScottishTechSurvey2019 - you can read all about it and view the results on our site...or you may have already heard @PollyP discussing the results on @BBCRadioScot this morning. Find out all the info here https://t.co/DumxlxSOuB,Twitter for iPhone,139,NA,NA,NA,FALSE,TRUE,0,18,NA,NA,ScottishTechSurvey2019,NA,NA,NA,NA,NA,Hootsuite Inc.,20,18,39978805,Scotland
174,3250721351,24/04/19 10:36,CodeClanScot,Well done @pollyp ! Key points from the interview are available here: https://t.co/KIPmwWIYcM https://t.co/HckynjCFqa,Twitter for iPhone,133,NA,NA,NA,FALSE,TRUE,0,2,NA,NA,NA,NA,"c(""bbc.co.uk/news/uk-scotla?"", ""twitter.com/scotlandis/sta?"")","c(""https://t.co/KIPmwWIYcM"", ""https://t.co/HckynjCFqa"")","c(""https://www.bbc.co.uk/news/uk-scotland-scotland-business-48034202"", ""https://twitter.com/scotlandis/status/1120914978352058368"")",NA,Twitter Web Client,5,2,2691190597,
173,3250721351,24/04/19 10:33,CodeClanScot,The amazing @Dr_Black (OBE) takes to the stage as today?s #EIE19 keynote. A fantastic ambassador for digital skills #STEM and the founder of the amazing @TechmumsHQ https://t.co/cvDIcIFWX7,Twitter for iPhone,165,NA,NA,NA,FALSE,FALSE,10,3,NA,NA,"c(""EIE19"", ""STEM"")",NA,NA,NA,NA,photo,NA,NA,NA,NA,NA
172,3250721351,24/04/19 10:28,CodeClanScot,"Very clever, @time2dineuk! #EIE19 https://t.co/ulKBgDU1eQ",Twitter for iPhone,72,NA,NA,NA,FALSE,TRUE,0,2,NA,NA,EIE19,NA,NA,NA,NA,photo,Twitter for Android,7,2,24923677,"Edinburgh, Scotland"
171,3250721351,24/04/19 10:15,CodeClanScot,"#EIE19. I love the passion for growth at EIE. Some wonderful, innovative and needed offerings being pitched today. Mental health apps, security and physical health. Very clever",Twitter for iPhone,139,NA,NA,NA,FALSE,TRUE,0,4,NA,NA,EIE19,NA,NA,NA,NA,NA,Twitter for iPhone,22,4,794178865,"Edinburgh, Scotland"
170,3250721351,24/04/19 09:17,CodeClanScot,@chat_alli aims to provide an amazing #customer experience by engaging with those requiring #mentalhealth support in a language they understand &amp; delivering personalised support #EiE19 https://t.co/hWGQYQujIV,Twitter for iPhone,140,NA,NA,NA,FALSE,TRUE,0,1,NA,NA,"c(""customer"", ""mentalhealth"")",NA,NA,NA,NA,NA,Twitter for iPhone,4,1,431843528,
169,3250721351,24/04/19 09:09,CodeClanScot,@_LaurenAllison_ @TechmumsHQ And we?re proud to have #TechMums in our campus.,Twitter for iPhone,48,1.12E+18,855466789,_LaurenAllison_,FALSE,FALSE,3,0,NA,NA,TechMums,NA,NA,NA,NA,NA,NA,NA,NA,NA,NA
168,3250721351,24/04/19 09:04,CodeClanScot,Our partner @VoxioAI is pitching at #EIE19 Using @Allichat_Voxsio voice AI to help understand and support mental health for a better society https://t.co/Pkad0QTeyC,Twitter for iPhone,140,NA,NA,NA,FALSE,FALSE,4,0,NA,NA,EIE19,NA,NA,NA,NA,photo,NA,NA,NA,NA,NA
167,3250721351,24/04/19 08:56,CodeClanScot,"Good luck to all involved in #EIE19 today, especially our partners: @AllatusUnity @BLACKBXwifi @BeezerApps R3-IoT @Allichat_Voxsio and @wallet_services",Twitter for iPhone,140,NA,NA,NA,FALSE,TRUE,0,3,NA,NA,EIE19,NA,NA,NA,NA,NA,Twitter Web App,5,3,8.55E+17,"Edinburgh, Scotland"
166,3250721351,24/04/19 08:48,CodeClanScot,In-game advertising meets blockchain. Can @pg_vreo disrupt the enormous #esports market? #EIE19 extended pitch builds on Scotland?s reputation as a #videogames pioneer https://t.co/JzjulyYHMd,Twitter for iPhone,167,NA,NA,NA,FALSE,FALSE,4,3,NA,NA,"c(""esports"", ""EIE19"", ""videogames"")",NA,NA,NA,NA,photo,NA,NA,NA,NA,NA
165,3250721351,24/04/19 08:36,CodeClanScot,"Scotland has some of the most amazingly talented, creative and brave founders and entrepreneurs in the world. Every 60s spotlight pitch highlights an astonishing new concept. #EIE19",Twitter for iPhone,181,NA,NA,NA,FALSE,FALSE,4,2,NA,NA,EIE19,NA,NA,NA,NA,NA,NA,NA,NA,NA,NA
164,3250721351,24/04/19 08:30,CodeClanScot,@trade_space We?d love to say hello #EIE19,Twitter for iPhone,29,1.12E+18,9.41E+17,trade_space,FALSE,FALSE,1,0,NA,NA,EIE19,NA,NA,NA,NA,NA,NA,NA,NA,NA,NA
163,3250721351,24/04/19 08:18,CodeClanScot,We?re kicking off #EIE19 with the wonderful* witty* and wise* @Qwerty (in his own witty and wonderful words) https://t.co/Uje9SCb509,Twitter for iPhone,108,NA,NA,NA,FALSE,FALSE,0,1,NA,NA,EIE19,NA,NA,NA,NA,photo,NA,NA,NA,NA,NA
162,3250721351,24/04/19 08:13,CodeClanScot,CodeClan are helping keep Scotland?s businesses in the vanguard of the global digital economy. Lifelong learning for everyone! https://t.co/SZLf3zmLzC,Twitter Web App,140,NA,NA,NA,FALSE,TRUE,0,3,NA,NA,NA,NA,NA,NA,NA,NA,Twitter for iPhone,4,3,1.02E+18,"Scotland, United Kingdom"
161,3250721351,24/04/19 08:00,CodeClanScot,"Employers need #Data talent! Be the solution as a data analyst. In 70 working days, you?ll develop best industry practices making you suitable for a variety of roles and companies. Find out more here https://t.co/Thk3kiWzb0 https://t.co/UdoaLYiT08",Hootsuite Inc.,223,NA,NA,NA,FALSE,FALSE,0,5,NA,NA,Data,NA,bit.ly/2EXMzuV,https://t.co/Thk3kiWzb0,https://bit.ly/2EXMzuV,photo,NA,NA,NA,NA,NA
160,3250721351,24/04/19 07:12,CodeClanScot,"We?re live today at #EIE19 launching our new #CX programme and making sure Scotland?s startup scene knows CodeClan is powering the pioneers, entrepreneurs and founders across the country. https://t.co/T0S0bfgZqa",Twitter for iPhone,187,NA,NA,NA,FALSE,FALSE,16,2,NA,NA,"c(""EIE19"", ""CX"")",NA,NA,NA,NA,photo,NA,NA,NA,NA,NA
159,3250721351,23/04/19 18:58,CodeClanScot,"Thanks to @scot_business @TheScotsman for picking up on my client @CodeClanScot story today, all about a new voluntary programme for digital skills students and 'giving back' https://t.co/PoIWVRh3LU",Twitter for iPhone,140,NA,NA,NA,FALSE,TRUE,0,3,NA,NA,NA,NA,NA,NA,NA,NA,TweetDeck,10,3,26571365,"Scotland, United Kingdom"
158,3250721351,23/04/19 18:56,CodeClanScot,The investor launch for #EIE19 is suitably glittering and stuffed with interesting and influential people from the global tech sector. As a sponsor we are here to ensure those people know we?re powering the country?s startup scene. @britanniayacht #ScotlandIsNow #CodeClanBiz https://t.co/mYrANKKvYd,Twitter for iPhone,275,NA,NA,NA,FALSE,FALSE,6,2,NA,NA,"c(""EIE19"", ""ScotlandIsNow"", ""CodeClanBiz"")",NA,NA,NA,NA,photo,NA,NA,NA,NA,NA
157,3250721351,23/04/19 15:25,CodeClanScot,"Transform your career with @CodeClanScot, spotted in central Glasgow today https://t.co/pNGzxl7PCK",Twitter Web App,117,NA,NA,NA,FALSE,TRUE,0,2,NA,NA,NA,NA,NA,NA,NA,photo,Twitter Web Client,9,2,164243710,Edinburgh
156,3250721351,23/04/19 15:10,CodeClanScot,"Interested in a tech career? @CodeClanScot are running a taster workshop, suitable for all adults, this Saturday at Creative Academy Inverness. Get a feel for programming by taking part in a code-along! https://t.co/inBZDaq5uf https://t.co/NTLdLezB5r",Twitter Web App,140,NA,NA,NA,FALSE,TRUE,0,4,NA,NA,NA,NA,NA,NA,NA,NA,Twitter Web Client,5,4,8.41E+17,"67a Castle St, Inverness, UK"
155,3250721351,23/04/19 15:10,CodeClanScot,Charities have boosted their digital presence thanks to support from @CodeClanScot https://t.co/eMuTzUlQQ1 https://t.co/eEgowxtHbB,Twitter Web App,140,NA,NA,NA,FALSE,TRUE,0,2,NA,NA,NA,NA,okt.to/kHNi63,https://t.co/eMuTzUlQQ1,https://okt.to/kHNi63,NA,Oktopost,6,2,556954777,Edinburgh
154,3250721351,23/04/19 15:01,CodeClanScot,Have you contemplated a career in software development or fancied learning how to code? Head up to Inverness this weekend and grab a free taster session courtesy of @CodeClanScot https://t.co/JAN4gZmvTC,Twitter Web App,140,NA,NA,NA,FALSE,TRUE,0,2,NA,NA,NA,NA,NA,NA,NA,NA,Twitter Web Client,3,2,224989999,"Fort William, Scotland"
153,3250721351,23/04/19 14:51,CodeClanScot,_ CodeClan Highlands: Campus Launch Party _ WASPS Inverness Creative Academy _ 25 April 2019 _ 5pm Head along to meet their team and learn more! https://t.co/iKRfxyaPKw https://t.co/4IcLTJh4Rs,Twitter Web App,140,NA,NA,NA,FALSE,TRUE,0,1,NA,NA,NA,NA,NA,NA,NA,NA,Twitter Ads Composer,1,1,196936143,"Inverness, Scotland"
152,3250721351,23/04/19 14:50,CodeClanScot,"Fabulous first morning as CEO of @TechmumsHQ. Kick off meeting with the amazing #techmums team and now in Edinburgh with @Dr_Black where we toured @CodeClanScot, met the @curious_chip team, and spent time with real life, inspiring #techmums who are nearing the end of their course https://t.co/JfCQlNJUY5",Twitter Web App,140,NA,NA,NA,FALSE,TRUE,0,5,NA,NA,techmums,NA,NA,NA,NA,NA,Twitter for Android,20,5,855466789,"Belfast, Northern Ireland"
151,3250721351,23/04/19 14:46,CodeClanScot,CodeClan launches graduate volunteer programme to support?not-for-profits https://t.co/OTYvKCsPIv https://t.co/yeuWeGUmMH,Twitter Web App,140,NA,NA,NA,FALSE,TRUE,0,5,NA,NA,NA,NA,futurescot.com/codeclan-launc?,https://t.co/OTYvKCsPIv,http://futurescot.com/codeclan-launches-graduate-volunteer-programme-for-community-organisations/,NA,WordPress.com,10,5,3288077937,"Edinburgh, Scotland"
150,3250721351,23/04/19 14:31,CodeClanScot,What a great morning ____ visiting @CodeClanScot with fab new @TechmumsHQ CEO @_laurenallison_ meeting team @curious_chip and our awesome new #techmums _____ https://t.co/9RVuTq3Wwy,Twitter Web Client,140,NA,NA,NA,FALSE,TRUE,0,5,NA,NA,NA,NA,NA,NA,NA,NA,Twitter for iPhone,37,5,6549332,"London, UK"
149,3250721351,23/04/19 13:27,CodeClanScot,What an awesome morning!! Meeting our new @codeclan Edinburgh #techmums (at @CodeClanScot in Edinburgh) https://t.co/tPshLUSOhy https://t.co/BhZeppgFva,TweetDeck,140,NA,NA,NA,FALSE,TRUE,0,5,NA,NA,techmums,NA,NA,NA,NA,NA,Foursquare,10,5,6549332,"London, UK"
148,3250721351,22/04/19 15:41,CodeClanScot,"If you are a businees looking to upskill existing staff, or employ new developers; or if you are an individual wanting to know more about CodeClan?s training, head along to their Campus Launch Party to meet their team and learn more! https://t.co/iKRfxxTelW https://t.co/OihxiR1WKs",Twitter Web App,139,NA,NA,NA,FALSE,TRUE,0,1,NA,NA,NA,NA,NA,NA,NA,NA,Twitter Ads Composer,3,1,196936143,"Inverness, Scotland"
147,3250721351,22/04/19 15:01,CodeClanScot,Some of the e29 cohort enjoying a break from their #fullstack #javascript projects and the rare opportunity to enjoy the #Scottish sun! #icecream courtesy of @CodeClanScot #CodeClanLife https://t.co/LOZ4zJlSM4,Twitter Web App,140,NA,NA,NA,FALSE,TRUE,0,3,NA,NA,"c(""fullstack"", ""javascript"")",NA,NA,NA,NA,NA,Twitter for Android,14,3,1.11E+18,"Edinburgh, Scotland"
146,3250721351,22/04/19 13:11,CodeClanScot,It's Meet Your Cohort day in #Edinburgh @CodeClanScot ____. #CodeClanLife #techlife,Twitter Web App,99,NA,NA,NA,FALSE,TRUE,0,3,NA,NA,"c(""Edinburgh"", ""CodeClanLife"", ""techlife"")",NA,NA,NA,NA,NA,Twitter for Android,5,3,7.84E+17,"Edinburgh, Scotland"
145,3250721351,22/04/19 09:26,CodeClanScot,"CodeClan Highlands will be offering its award-winning training in web and software development in Inverness from Sep 2019! To launch the new campus, CodeClan invite you to join them in an evening exploring what they have to offer. https://t.co/iKRfxyaPKw https://t.co/Px4R82cldu",Twitter Web App,140,NA,NA,NA,FALSE,TRUE,0,4,NA,NA,NA,NA,NA,NA,NA,NA,Twitter Ads Composer,5,4,196936143,"Inverness, Scotland"
144,3250721351,22/04/19 08:19,CodeClanScot,FREE TASTER SESSION with @CodeClanScot #programming #coding https://t.co/Q2yKTaTniw,Twitter Web App,101,NA,NA,NA,FALSE,TRUE,0,3,NA,NA,"c(""programming"", ""coding"")",NA,twitter.com/HIEScotland/st?,https://t.co/Q2yKTaTniw,https://twitter.com/HIEScotland/status/1115664445815046146,NA,Twitter Web Client,9,3,227710900,"Moray, Scotland"
143,3250721351,19/04/19 18:01,CodeClanScot,"Recruiting? Advertise your technical vacancies to CodeClan students, FREE! Find out how by getting in touch at partners@codeclan.com https://t.co/Zl03bOUoRS",Hootsuite Inc.,132,NA,NA,NA,FALSE,FALSE,1,0,NA,NA,NA,NA,NA,NA,NA,photo,NA,NA,NA,NA,NA
142,3250721351,19/04/19 16:02,CodeClanScot,The tidyverse is essential for any statistician or data scientist who deals with #data on a day-to-day basis. Join our one day Data Carpentry course this 30th April in #Glasgow and be able to manipulate data in efficient ways- https://t.co/DYdIW9kntG https://t.co/LL8BfBzFTp,Hootsuite Inc.,251,NA,NA,NA,FALSE,FALSE,0,0,NA,NA,"c(""data"", ""Glasgow"")",NA,bit.ly/2tOOqgC,https://t.co/DYdIW9kntG,https://bit.ly/2tOOqgC,photo,NA,NA,NA,NA,NA
141,3250721351,19/04/19 12:01,CodeClanScot,Get the skills you need to become a data analyst in 70 working days. Our applications are open for our 14-week Data Analysis course starting this July. Read on how the course can magnify your career opportunities here https://t.co/Thk3kiWzb0 https://t.co/qPdjAQhGDt,Hootsuite Inc.,241,NA,NA,NA,FALSE,FALSE,1,0,NA,NA,NA,NA,bit.ly/2EXMzuV,https://t.co/Thk3kiWzb0,https://bit.ly/2EXMzuV,photo,NA,NA,NA,NA,NA
140,3250721351,19/04/19 11:01,CodeClanScot,Upskill in the R language and join us at our one day #DataCarpentry course this 30th April. Manage large sets of data through the #tidyverse and improve your workflow. Book your spot here: https://t.co/DYdIW9kntG https://t.co/Y9ddnxuC2B,Hootsuite Inc.,212,NA,NA,NA,FALSE,FALSE,0,0,NA,NA,"c(""DataCarpentry"", ""tidyverse"")",NA,bit.ly/2tOOqgC,https://t.co/DYdIW9kntG,https://bit.ly/2tOOqgC,photo,NA,NA,NA,NA,NA
139,3250721351,19/04/19 08:30,CodeClanScot,Couldn?t make it to our Data Info session last night? Don?t miss out- we have an upcoming lunchtime info session this 27th April! You can book your free spot here: https://t.co/6Jhd8lGtQ0 https://t.co/ZMYe2ZxIOH,Hootsuite Inc.,187,NA,NA,NA,FALSE,FALSE,0,0,NA,NA,NA,NA,bit.ly/2CY2KIz,https://t.co/6Jhd8lGtQ0,https://bit.ly/2CY2KIz,photo,NA,NA,NA,NA,NA
138,3250721351,18/04/19 17:01,CodeClanScot,Our _Data Analysis_ info session is a go! We?re delighted to answer your questions and discuss how our course can help advance your career opportunities ___,Hootsuite Inc.,156,NA,NA,NA,FALSE,FALSE,0,0,NA,NA,NA,NA,NA,NA,NA,NA,NA,NA,NA,NA,NA
137,3250721351,18/04/19 16:02,CodeClanScot,Upskill in the R language and join us at our one day #DataCarpentry course this 30th April. Manage large sets of data through the #tidyverse and improve your workflow. Book your spot here: https://t.co/DYdIW9kntG https://t.co/TrN4qbtXxX,Hootsuite Inc.,212,NA,NA,NA,FALSE,FALSE,1,1,NA,NA,"c(""DataCarpentry"", ""tidyverse"")",NA,bit.ly/2tOOqgC,https://t.co/DYdIW9kntG,https://bit.ly/2tOOqgC,photo,NA,NA,NA,NA,NA
136,3250721351,18/04/19 14:01,CodeClanScot,Looking to hire in digital? CodeClan industry partners can advertise vacancies directly to our Professional Software Development students. Get in touch with us at partners@codeclan.com and see how we can enhance your workforce. https://t.co/19WBIDR6sh,Hootsuite Inc.,227,NA,NA,NA,FALSE,FALSE,4,2,NA,NA,NA,NA,NA,NA,NA,photo,NA,NA,NA,NA,NA
135,3250721351,18/04/19 12:39,CodeClanScot,"Thanks to everybody that got involved in our Speed Networking event today! JP Morgan, ScotGov, Trtl &amp; Aridhia were some of many great organisations that joined us to speak with cohort G11. Looking to hire digital talent? Sign up to our next event here https://t.co/Tb2TwwriwX https://t.co/k2rgebRJfi",Twitter Web App,281,NA,NA,NA,FALSE,FALSE,11,2,NA,NA,NA,NA,bit.ly/2Fhmhp3,https://t.co/Tb2TwwriwX,https://bit.ly/2Fhmhp3,photo,NA,NA,NA,NA,NA
134,3250721351,18/04/19 12:01,CodeClanScot,Fancy changing your passion into a career? Come along to one of our free #Inverness events this 25th April and learn more about our Full-Stack Web Development course. Book your free spot here: https://t.co/45kWCcKRLH,Hootsuite Inc.,216,NA,NA,NA,FALSE,FALSE,1,1,NA,NA,Inverness,NA,bit.ly/2VaYFLg,https://t.co/45kWCcKRLH,https://bit.ly/2VaYFLg,NA,NA,NA,NA,NA,NA
133,3250721351,18/04/19 11:01,CodeClanScot,Our next upcoming #R course in #Glasgow is Data Carpentry this 30th April. Learn how to use the #tidyverse to make working with data on a day-to-day business easier in just one day https://t.co/DYdIW9kntG https://t.co/s6vQDLYBb4,Hootsuite Inc.,204,NA,NA,NA,FALSE,FALSE,0,1,NA,NA,"c(""R"", ""Glasgow"", ""tidyverse"")",NA,bit.ly/2tOOqgC,https://t.co/DYdIW9kntG,https://bit.ly/2tOOqgC,photo,NA,NA,NA,NA,NA
132,3250721351,18/04/19 09:00,CodeClanScot,Are you signed up to this month's Edinburgh CoderDojo? The event has been moved to this 30th of April ______ you can check out the details here: https://t.co/gpfi0IyHbS @CoderScot,Hootsuite Inc.,180,NA,NA,NA,FALSE,FALSE,1,3,NA,NA,NA,NA,bit.ly/2ICiDbm,https://t.co/gpfi0IyHbS,http://bit.ly/2ICiDbm,NA,NA,NA,NA,NA,NA
131,3250721351,18/04/19 08:00,CodeClanScot,"Employers are crying out for #Data talent in #Scotland. Apply now and be the solution as a data analyst. In 14-weeks, you?ll develop industry relevant practices that will enhance your job opportunities. Find out more here https://t.co/Thk3kiWzb0 https://t.co/LfiKfnqAkQ",Hootsuite Inc.,245,NA,NA,NA,FALSE,FALSE,3,2,NA,NA,"c(""Data"", ""Scotland"")",NA,bit.ly/2EXMzuV,https://t.co/Thk3kiWzb0,https://bit.ly/2EXMzuV,photo,NA,NA,NA,NA,NA
130,3250721351,17/04/19 14:27,CodeClanScot,Our Edinburgh CoderDojo event has been moved to the 30th of April ______ Want to learn how to make your own website or game_? Sign up to the event here: https://t.co/3oebc4XPqH @CoderScot,Twitter Web App,187,NA,NA,NA,FALSE,FALSE,0,1,NA,NA,NA,NA,bit.ly/2ICiDbm,https://t.co/3oebc4XPqH,https://bit.ly/2ICiDbm,NA,NA,NA,NA,NA,NA
129,3250721351,17/04/19 10:51,CodeClanScot,#Edinburgh #Developers! @rcruicks and I are running a workshop @CodeClanScot all about using AI to build chatbots. _________ Tell your friends and join us! _ https://t.co/TqwVEw8p3S,Twitter Web App,135,NA,NA,NA,FALSE,TRUE,0,7,NA,NA,"c(""Edinburgh"", ""Developers"")",NA,NA,NA,NA,NA,Twitter Web App,9,7,42671737,Mostly London
128,3250721351,17/04/19 10:12,CodeClanScot,The tidyverse is essential for any statistician or data scientist who deals with data on a day-to-day basis. Join our one day Data Carpentry course this 30th April in #Glasgow and be able to manipulate data in efficient ways- https://t.co/DYdIW9kntG https://t.co/BPyeXWFI8L,Twitter Web App,250,NA,NA,NA,FALSE,FALSE,1,1,NA,NA,Glasgow,NA,bit.ly/2tOOqgC,https://t.co/DYdIW9kntG,https://bit.ly/2tOOqgC,photo,NA,NA,NA,NA,NA
127,3250721351,16/04/19 14:24,CodeClanScot,"Learn how you can change your career into digital at one of our April info sessions. Whether you're looking to study #programming, #webdevelopment, or #dataanalysis, come meet the CodeClan team to see how we can help___ https://t.co/LkU5V4xYrq https://t.co/CdH1HFhJQT",Twitter Web App,243,NA,NA,NA,FALSE,FALSE,3,3,NA,NA,"c(""programming"", ""webdevelopment"", ""dataanalysis"")",NA,bit.ly/2QuAUaU,https://t.co/LkU5V4xYrq,https://bit.ly/2QuAUaU,photo,NA,NA,NA,NA,NA
126,3250721351,16/04/19 11:24,CodeClanScot,"Hear from the inspirational @MaMChannel of @CodeClanScot, on personal branding, at our upcoming #springcleanyourcareer event with @RBS_Women in Edinburgh on 30th April #allarewelcome #withwomeninmind https://t.co/L4lSlwUhAo #careers #brand #cv #money #springclean https://t.co/StbcsmiXgx",Twitter Web App,140,NA,NA,NA,FALSE,TRUE,0,3,NA,NA,springcleanyourcareer,NA,NA,NA,NA,NA,TweetDeck,6,3,18960906,
125,3250721351,16/04/19 11:04,CodeClanScot,"Meet Rob, our latest graduate #iOS Engineer and CodeClanst 500th placement! Find out more about his experience with CodeClan and how it helped him get started with his tech career! @CodeClanScot https://t.co/wWD3iGAOru #ios #graduate #tech",Twitter Web App,140,NA,NA,NA,FALSE,TRUE,0,3,NA,NA,iOS,NA,NA,NA,NA,NA,Twitter Web Client,3,3,121933132,"Edinburgh, United Kingdom"
124,3250721351,15/04/19 14:24,CodeClanScot,It's Meet Your Cohort day for G13 __________!! Excited for them to start in 3 weeks time ___. #CodeClanLife #GlasgowLife #techlife #coding @CodeClanScot,Twitter Web App,140,NA,NA,NA,FALSE,TRUE,0,1,NA,NA,"c(""CodeClanLife"", ""GlasgowLife"")",NA,NA,NA,NA,NA,Twitter for Android,13,1,7.84E+17,"Edinburgh, Scotland"
123,3250721351,15/04/19 14:13,CodeClanScot,"Train to become a Data Analyst, Operational/Social Researcher, Data Architect, Statistician or more in just 70 working days. Come along to an info session this 18th or 27th April and see what new career is in store for you https://t.co/LkU5V4xYrq https://t.co/14wxao8c5t",Twitter Web App,247,NA,NA,NA,FALSE,FALSE,5,4,NA,NA,NA,NA,bit.ly/2QuAUaU,https://t.co/LkU5V4xYrq,https://bit.ly/2QuAUaU,photo,NA,NA,NA,NA,NA
122,3250721351,15/04/19 11:52,CodeClanScot,Expand your team?s knowledge of R and help your business make more efficient decisions through data. Choose any or all of these one-day courses to quickly upskill your team this Spring: https://t.co/cs3iuyoAqx https://t.co/QzVVP5Pt96,Twitter Web App,140,NA,NA,NA,FALSE,TRUE,0,2,NA,NA,NA,NA,NA,NA,NA,NA,Twitter Web App,1,2,3250721351,Edinburgh & Glasgow & Inverness
121,3250721351,15/04/19 10:59,CodeClanScot,"Want to join CodeClan but finances are holding you back? We have a new funding option available for our May, June or July Professional Software Development cohorts in Edinburgh and Glasgow. Get in touch with us at admissions@codeclan.com to learn more. https://t.co/ubtyanXFO8",Twitter Web App,252,NA,NA,NA,FALSE,FALSE,1,2,NA,NA,NA,NA,NA,NA,NA,photo,NA,NA,NA,NA,NA
120,3250721351,15/04/19 08:16,CodeClanScot,4 days to our 1st #WebVR workshop at @CodeClanScot in #Glasgow! 14 attendees so far and 11 spots still available! ____________ HUGE thanks to @TheHappyLass for helping me organise this event! __ To attend our workshop _ https://t.co/jKgYFOSYZk @aframevr #WXRWS #WebXR #WomenInXR,Twitter Web App,139,NA,NA,NA,FALSE,TRUE,0,7,NA,NA,"c(""WebVR"", ""Glasgow"")",NA,NA,NA,NA,NA,Twitter Web Client,9,7,8.67E+17,"Edinburgh, UK"
119,3250721351,12/04/19 15:58,CodeClanScot,"Frances Maxwell, React/JS Developer at Skyscanner, came into our Glasgow campus today to tell our students about her experience! We're always looking for new speakers for our Industry Talks. Reach out to us at partners@codeclan.com for more info https://t.co/ObJxpO0D2G",Twitter Web App,245,NA,NA,NA,FALSE,FALSE,7,2,NA,NA,NA,NA,NA,NA,NA,photo,NA,NA,NA,NA,NA
118,3250721351,12/04/19 11:45,CodeClanScot,Huge thanks to @SwarmOnline for coming in to speak to our students today! https://t.co/FY4qS8fezU,Twitter for iPhone,73,NA,NA,NA,FALSE,FALSE,3,3,NA,NA,NA,NA,NA,NA,NA,photo,NA,NA,NA,NA,NA
117,3250721351,11/04/19 15:36,CodeClanScot,"Scotland needs data analysts! Come to an info session this April and find out how our full-time course can launch you into a new career as an analyst, statistician, research analyst, and more. Book your spot at one of our lunchtime or evening sessions now: https://t.co/LkU5V4xYrq https://t.co/GU2DkRiIPN",Twitter Web App,280,NA,NA,NA,FALSE,FALSE,0,4,NA,NA,NA,NA,bit.ly/2QuAUaU,https://t.co/LkU5V4xYrq,https://bit.ly/2QuAUaU,photo,NA,NA,NA,NA,NA
116,3250721351,11/04/19 13:21,CodeClanScot,Expand your team?s knowledge of R and help your business make more efficient decisions through data. Choose any or all of these one-day courses to quickly upskill your team this Spring: https://t.co/cs3iuyoAqx https://t.co/QzVVP5Pt96,Twitter Web App,209,NA,NA,NA,FALSE,FALSE,1,2,NA,NA,NA,NA,bit.ly/2DownoZ,https://t.co/cs3iuyoAqx,https://bit.ly/2DownoZ,photo,NA,NA,NA,NA,NA
115,3250721351,10/04/19 17:30,CodeClanScot,"Part of what makes CodeClan what it is, is who we work with. Learn about some of the great charities and organisations we support and how they help bring more people into the world of tech! https://t.co/WziU7jYbWU https://t.co/qjXk7SCw65",Hootsuite Inc.,213,NA,NA,NA,FALSE,FALSE,1,1,NA,NA,NA,NA,bit.ly/2U9NSwh,https://t.co/WziU7jYbWU,https://bit.ly/2U9NSwh,photo,NA,NA,NA,NA,NA
114,3250721351,10/04/19 14:43,CodeClanScot,"Been with the awesome @TheHappyLass at @CodeClanScot today, and we were blown away: such cool people there and an amazing venue for our #WebVR workshops in #Glasgow! Thank you guys for being the official venue for our #WXRWS events! __ @aframevr #VR #WebXR #Webdesign #WomenInXR https://t.co/iDg3uwZACD",Twitter Web App,140,NA,NA,NA,FALSE,TRUE,0,2,NA,NA,NA,NA,NA,NA,NA,NA,Twitter Web Client,9,2,8.67E+17,"Edinburgh, UK"